AmsterdamseCode,CbsCode,RegioNaam,GeldigeStemmen,OngeldigeBlancoStemmen,Kiesgerechtigden,Opkomst,PvdA,CDA,VVD,D66,PSP,SGP,CPN,PPR,RPF,CP,GPV,Evangelische Volkspartij,SP,DS70,Rechtse Volkspartij,Rooms Katholieke Partij Nederland,God Met Ons,NVU,Progressieve Partij voor Behoud van Milieu, Werk en Maatschappij,Kleine Partij
11084,738,Aalburg,5804,19,6812,5823,879,1840,1002,133,27,1448,20,35,308,15,30,31,8,10,14,0,4,0,0,0
11264,358,Aalsmeer,12379,82,14430,12461,2572,4011,4128,541,207,75,89,160,312,57,30,83,34,48,26,3,0,0,0,3
11046,197,Aalten,10680,48,12464,10728,1989,5849,1592,275,104,21,19,178,261,19,48,244,25,17,27,10,2,0,0,0
11020,648,Aardenburg,2187,11,2658,2198,454,875,642,116,25,6,8,19,4,5,3,9,8,4,7,2,0,0,0,0
10757,739,Aarle-Rixtel,3025,16,3673,3041,650,1491,569,144,59,0,24,48,1,3,0,1,12,7,9,5,2,0,0,0
10712,305,Abcoude,4945,18,5567,4963,864,1506,1831,238,109,65,56,69,46,26,39,63,4,19,6,4,0,0,0,0
10199,59,Achtkarspelen,16151,68,18171,16219,5810,6170,1599,254,126,158,133,135,839,15,545,268,28,29,34,8,0,0,0,0
10996,1,Adorp,1197,2,1273,1199,282,378,239,55,16,0,7,48,31,2,114,19,0,2,4,0,0,0,0,0
10999,2,Aduard,1777,3,1958,1780,559,520,320,56,25,4,19,24,22,6,178,38,0,3,3,0,0,0,0,0
10346,360,Akersloot,2945,11,3371,2956,577,1131,809,167,78,0,25,74,14,7,8,8,19,16,10,2,0,0,0,0
11327,482,Alblasserdam,9934,43,11895,9977,4023,1921,1562,372,181,1022,102,92,380,70,81,53,30,26,15,4,0,0,0,0
10349,483,Alkemade,7585,34,8987,7619,1017,3539,2179,270,151,20,28,192,34,39,0,27,35,24,14,16,0,0,0,0
10527,361,Alkmaar,43989,230,55614,44219,14288,9849,11123,2152,1959,56,1386,1070,387,628,139,212,361,196,122,61,0,0,0,0
11053,141,Almelo,35085,158,42957,35243,13803,10082,6393,1450,395,144,699,483,531,225,181,191,234,91,134,49,0,0,0,0
10517,484,Alphen aan den Rijn,29161,210,35944,29371,6697,8254,8790,1491,505,592,246,692,799,178,127,465,133,91,47,54,0,0,0,0
10710,741,Alphen en Riel,3321,15,3951,3336,400,1874,779,138,37,1,11,38,2,8,0,1,5,8,11,6,2,0,0,0
11400,142,Ambt Delden,3491,19,3785,3510,343,2294,674,79,16,4,4,26,4,6,2,11,3,3,19,3,0,0,0,0
11349,485,Ameide,1886,14,2020,1900,542,705,256,51,13,170,6,20,86,10,10,5,1,7,4,0,0,0,0,0
11153,60,Ameland,2602,6,2177,2608,671,1039,602,84,47,3,10,37,28,2,35,23,2,4,12,3,0,0,0,0
11372,306,Amerongen,4003,21,4574,4024,990,1136,1088,107,34,389,11,32,107,16,12,34,11,15,20,1,0,0,0,0
10948,307,Amersfoort,51322,190,63086,51512,14953,13987,12890,2307,1158,708,750,820,704,312,1521,526,178,255,175,78,0,0,0,0
10863,486,Ammerstol,1064,10,1165,1074,595,85,219,64,16,16,39,6,6,4,0,7,2,2,3,0,0,0,0,0
10151,198,Ammerzoden,2365,9,2797,2374,452,1219,441,74,21,52,12,17,25,8,4,9,17,4,6,4,0,0,0,0
10799,362,Amstelveen,44970,170,53233,45140,10815,10387,16650,2363,1347,110,654,944,373,332,93,409,79,320,48,38,0,0,0,8
11150,363,Amsterdam,376761,1439,516923,378200,155417,49076,75298,14262,20460,545,32896,7319,1842,10716,563,1761,1482,2633,826,444,0,971,250,0
10822,364,Andijk,3331,18,3936,3349,754,1234,652,106,92,39,99,35,179,15,7,53,10,18,34,4,0,0,0,0
11131,199,Angerlo,2622,5,2999,2627,758,1074,505,149,32,1,14,43,3,9,0,8,5,3,10,8,0,0,0,0
10787,105,Anloo,4473,16,5023,4489,2053,282,1621,210,92,1,65,55,15,7,18,20,11,10,11,2,0,0,0,0
10344,366,Anna Paulowna,5853,36,6987,5889,1318,1655,2234,236,60,12,58,83,56,23,45,17,6,36,10,4,0,0,0,0
11075,200,Apeldoorn,83972,231,102268,84203,25395,22835,22519,3821,1279,1933,550,1318,1757,356,449,799,297,280,289,69,26,0,0,0
11296,201,Appeltern,2626,9,2988,2635,461,1576,360,86,38,4,9,32,5,9,2,4,14,4,16,6,0,0,0,0
10886,3,Appingedam,7675,41,9211,7716,3593,1827,1139,259,104,17,241,71,119,24,122,88,38,21,9,3,0,0,0,0
10202,885,Arcen en Velden,4694,14,5681,4708,688,2497,1078,197,98,0,26,53,0,3,1,7,21,3,7,14,1,0,0,0
10079,487,Arkel,1980,6,2247,1986,942,334,478,78,29,15,15,15,32,16,1,11,3,4,7,0,0,0,0,0
11419,649,Arnemuiden,2185,13,2676,2198,425,436,339,58,13,558,11,11,283,5,13,21,4,7,1,0,0,0,0,0
10795,202,Arnhem,73247,234,96166,73481,27339,17528,16813,3181,2242,175,1154,1534,568,520,311,562,752,264,174,99,31,0,0,0
11369,488,Asperen,1586,0,1833,1586,367,477,342,89,19,131,5,17,84,17,14,15,2,1,3,3,0,0,0,0
10522,106,Assen,27580,128,32943,27708,11726,5135,5567,1181,478,56,380,595,359,100,1388,368,84,70,73,20,0,0,0,0
10478,743,Asten,8022,25,9645,8047,1108,4552,1532,372,170,5,44,107,11,8,3,9,37,8,21,16,19,0,0,0
11190,143,Avereest,8368,33,9673,8401,2004,3569,1705,308,65,66,30,67,258,16,113,70,21,21,47,8,0,0,0,0
11289,650,Axel,6708,44,8458,6752,1770,2161,1446,263,80,111,33,55,70,19,593,41,19,12,16,19,0,0,0,0
10422,61,Baarderadeel,3166,10,3562,3176,1229,779,844,116,58,0,17,50,15,3,11,16,13,8,7,0,0,0,0,0
10060,744,Baarle-Nassau,3159,20,3933,3179,451,1769,677,123,40,2,11,36,12,1,3,3,13,6,4,7,1,0,0,0
11411,308,Baarn,14949,64,18102,15013,3631,3836,5026,626,395,202,133,293,339,76,84,142,69,50,30,17,0,0,0,0
11255,886,Baexem,1374,4,1593,1378,166,849,268,52,13,0,5,12,0,1,0,0,0,3,2,2,1,0,0,0
10539,4,Baflo,1876,4,2072,1880,568,651,343,50,42,2,16,39,25,1,97,27,7,4,4,0,0,0,0,0
10749,745,Bakel en Milheeze,3968,20,5137,3988,589,2482,603,111,63,1,24,41,4,6,1,8,7,4,16,6,2,0,0,0
10943,489,Barendrecht,11326,27,12998,11353,2408,3270,3213,526,124,771,57,138,358,117,95,165,18,42,19,5,0,0,0,0
10906,203,Barneveld,21704,54,24795,21758,2354,8220,4740,461,98,3518,49,151,1480,66,128,272,35,32,85,5,10,0,0,0
10156,62,Barradeel,4086,19,4691,4105,1098,1925,660,94,29,8,26,27,101,8,35,42,6,13,7,7,0,0,0,0
10973,369,Barsingerhorn,2170,9,2659,2179,984,243,674,74,60,5,56,33,9,17,1,1,3,6,3,1,0,0,0,0
10921,204,Batenburg,360,2,422,362,69,193,49,10,8,0,2,14,2,0,0,0,8,1,2,2,0,0,0,0
11030,144,Bathmen,3194,8,3557,3202,817,738,1282,207,33,0,10,35,11,3,8,21,5,7,16,1,0,0,0,0
10425,5,Bedum,6157,21,6730,6178,1500,2292,845,221,65,14,44,84,150,8,773,119,16,7,16,3,0,0,0,0
11089,887,Beegden,972,6,1213,978,210,440,211,56,21,0,4,12,0,3,0,0,6,4,2,3,0,0,0,0
11374,888,Beek,9206,77,11809,9283,2173,3625,2307,509,157,3,56,168,16,22,1,11,28,39,31,34,26,0,0,0
10173,746,Beek en Donk,4602,17,5944,4619,928,2313,779,199,74,2,121,100,2,15,0,3,21,15,20,6,4,0,0,0
10816,370,Beemster,4894,28,5625,4922,1277,1226,1783,199,128,9,86,68,17,25,4,20,10,23,13,6,0,0,0,0
11410,747,Beers,1820,9,2049,1829,216,1165,269,60,35,0,3,42,1,2,0,1,12,2,7,5,0,0,0,0
11043,6,Beerta,2131,15,2390,2146,852,85,261,17,31,5,827,17,13,1,6,3,4,4,4,1,0,0,0,0
10195,889,Beesel,6006,65,8059,6071,1271,3051,1038,285,126,2,40,57,13,16,6,3,23,13,41,10,11,0,0,0
10520,107,Beilen,8721,20,9795,8741,3463,2397,1810,310,80,22,51,101,82,14,185,121,18,24,33,10,0,0,0,0
10292,890,Belfeld,2590,20,3387,2610,515,1332,476,149,35,1,11,33,0,5,0,1,8,7,9,6,2,0,0,0
10340,7,Bellingwedde,6282,35,7190,6317,3554,708,1044,164,87,8,469,39,124,11,8,29,11,9,15,2,0,0,0,0
10744,206,Bemmel,8669,39,10763,8708,1954,4244,1617,383,166,8,41,121,11,15,4,10,30,8,30,24,3,0,0,0
10734,372,Bennebroek,3735,60,4344,3795,474,1202,1505,213,78,6,30,94,34,17,8,38,9,18,4,5,0,0,0,0
11330,309,Benschop,1900,8,2116,1908,172,830,378,53,17,330,2,14,66,6,4,8,5,4,5,6,0,0,0,0
10398,490,Benthuizen,1755,11,2012,1766,319,355,461,91,17,361,7,15,100,7,7,8,2,3,2,0,0,0,0,0
10962,491,Bergambacht,3279,23,3740,3302,880,719,834,130,28,479,22,22,115,17,3,13,1,9,7,0,0,0,0,0
11281,893,Bergen (L),7386,32,9124,7418,1315,4155,1310,304,100,1,23,81,10,17,2,5,24,12,12,11,4,0,0,0
11424,373,Bergen (NH),9007,44,10432,9051,2085,2216,3407,435,305,6,97,219,42,62,9,35,19,41,18,11,0,0,0,0
11037,748,Bergen op Zoom,24469,97,31811,24566,6402,6987,8436,948,452,25,179,339,72,160,36,72,140,117,60,33,11,0,0,0
11160,749,Bergeyk,5533,23,6593,5556,812,3052,1157,207,82,3,17,107,6,11,4,9,23,6,23,11,3,0,0,0
10350,207,Bergh,10293,57,12829,10350,2472,4984,1911,358,132,20,51,133,18,19,5,18,26,22,78,45,1,0,0,0
10883,208,Bergharen,1509,4,1699,1513,225,862,275,55,31,2,2,22,5,2,3,6,8,1,5,4,1,0,0,0
10733,750,Berghem,3028,16,3760,3044,989,1153,463,167,53,0,12,21,3,5,3,2,111,6,35,4,1,0,0,0
10445,492,Bergschenhoek,4033,43,4783,4076,726,1404,1241,146,34,72,26,48,105,63,86,44,5,13,10,10,0,0,0,0
10139,493,Berkel en Rodenrijs,8803,66,10017,8869,1176,3429,2534,430,95,44,38,90,133,64,603,95,22,25,12,13,0,0,0,0
11132,751,Berkel-Enschot,5726,22,6501,5748,786,2572,1657,304,129,3,23,168,9,9,12,9,10,21,6,7,1,0,0,0
10797,494,Berkenwoude,915,0,978,915,167,156,331,49,6,144,1,13,31,3,0,6,2,4,2,0,0,0,0,0
10362,752,Berlicum,4683,24,5741,4707,1097,2147,953,219,85,1,15,70,8,7,1,6,48,10,14,2,0,0,0,0
10316,568,Bernisse,7278,24,8549,7302,2217,1657,2342,411,94,137,78,73,75,58,20,53,19,23,18,3,0,0,0,0
10442,753,Best,10255,55,13138,10310,2592,4163,2246,550,163,5,56,178,37,38,24,35,59,30,49,25,5,0,0,0
10417,209,Beuningen,9071,35,11106,9106,2200,3828,1839,518,189,10,44,207,43,24,11,13,60,18,38,22,7,0,0,0
10272,375,Beverwijk,20872,129,26278,21001,7162,5387,4653,939,744,35,791,412,154,214,58,66,67,91,56,38,0,0,0,5
11294,8,Bierum,2647,8,3017,2655,744,1128,436,95,19,11,35,38,28,5,32,52,10,7,4,3,0,0,0,0
11006,754,Bladel en Netersel,4985,27,6395,5012,801,2696,922,222,135,2,46,75,8,15,2,11,15,11,9,13,2,0,0,0
10493,376,Blaricum,6734,33,7856,6767,1287,1637,2796,436,195,11,59,128,48,27,14,29,9,30,19,9,0,0,0,0
10994,495,Bleiswijk,4607,26,5311,4633,731,1562,1535,241,41,179,27,42,117,30,26,53,6,10,6,1,0,0,0,0
10451,496,Bleskensgraaf en Hofwege,1473,8,1620,1481,244,426,264,55,7,358,5,11,68,7,12,7,2,5,2,0,0,0,0,0
10850,377,Bloemendaal,11743,81,13495,11824,1715,3134,5365,566,269,33,85,169,87,36,48,102,17,84,10,23,0,0,0,0
11091,497,Bodegraven,9672,54,11369,9726,1725,3372,2655,410,124,484,54,147,327,56,87,147,18,34,21,11,0,0,0,0
10432,755,Boekel,4795,32,5742,4827,696,2867,761,178,109,0,29,62,3,12,1,5,26,15,19,11,1,0,0,0
10865,64,Bolsward,5889,24,6929,5913,1877,2503,899,172,67,12,32,106,89,5,15,71,10,18,3,10,0,0,0,0
11307,211,Borculo,6293,24,7144,6317,2153,1759,1738,310,82,3,39,80,37,7,13,19,7,17,24,4,1,0,0,0
10448,108,Borger,8239,43,9000,8282,3993,1590,1715,285,109,3,121,109,90,8,64,91,17,25,13,6,0,0,0,0
10927,897,Born,7642,64,9522,7706,1787,3664,1229,465,130,2,69,126,7,30,3,7,17,13,22,24,47,0,0,0
10326,147,Borne,11728,37,13136,11765,3179,5303,2080,488,94,17,61,222,63,15,26,46,41,27,29,37,0,0,0,0
10043,654,Borsele,11517,28,13605,11545,2186,4336,2469,449,115,1178,52,233,229,34,61,71,13,30,39,22,0,0,0,0
10419,499,Boskoop,8097,66,9398,8163,1355,2731,2433,375,197,285,50,195,262,46,16,77,25,25,14,11,0,0,0,0
11227,756,Boxmeer,8271,31,9715,8302,1941,3997,1295,371,209,1,49,159,17,13,2,30,123,24,20,20,0,0,0,0
10083,757,Boxtel,13243,58,16756,13301,3386,4967,2699,698,318,4,66,220,17,54,14,45,636,37,51,22,9,0,0,0
11125,212,Brakel,3678,21,4304,3699,1020,905,447,103,35,929,11,20,145,9,10,10,13,9,7,3,2,0,0,0
10169,500,Brandwijk,695,1,756,696,113,254,127,20,6,121,0,7,31,1,5,3,0,3,2,2,0,0,0,0
10154,758,Breda,66031,324,88756,66355,20856,19355,16418,3170,2102,112,777,1197,176,532,66,197,339,298,218,161,57,0,0,0
11088,194,Brederwiede,7420,35,8223,7455,2183,2565,1366,263,53,48,41,72,180,5,539,61,9,13,17,5,0,0,0,0
10807,311,Breukelen,6380,27,7432,6407,1129,1855,2144,287,80,330,51,135,178,33,41,52,17,29,12,7,0,0,0,0
10232,501,Brielle,9007,23,10650,9030,2952,1635,3202,498,175,56,49,88,79,88,17,50,32,63,17,6,0,0,0,0
10289,380,Broek in Waterland,1683,14,1925,1697,458,336,595,85,71,3,37,31,23,13,0,13,3,10,5,0,0,0,0,0
10856,898,Broekhuizen,1042,5,1229,1047,140,619,205,32,26,1,3,7,3,1,0,0,2,0,2,1,0,0,0,0
10030,656,Brouwershaven,2292,10,2632,2302,871,319,710,101,18,69,18,27,36,6,83,19,4,8,3,0,0,0,0,0
11291,657,Bruinisse,2095,11,2300,2106,510,505,526,56,16,373,5,7,52,7,6,24,3,3,2,0,0,0,0,0
10798,213,Brummen,12113,47,14147,12160,5334,2554,2820,638,169,37,70,161,103,23,22,93,20,28,31,6,4,0,0,0
10533,899,Brunssum,16875,117,22209,16992,6386,5862,2214,651,313,8,356,392,88,28,67,52,191,47,27,111,82,0,0,0
10219,759,Budel,6002,31,7995,6033,1359,3058,1052,267,85,0,14,45,10,11,0,4,55,13,19,9,1,0,0,0
10820,312,Bunnik,8313,18,9297,8331,1499,2885,2572,425,222,130,41,232,94,29,19,72,30,34,17,12,0,0,0,0
11343,313,Bunschoten,9956,35,10959,9991,711,3340,1610,197,40,297,23,24,953,21,2631,45,10,9,43,2,0,0,0,0
11286,214,Buren,5515,22,6322,5537,2063,1079,1692,242,63,131,25,64,59,17,9,24,13,8,20,6,0,0,0,0
10281,381,Bussum,21259,35,26286,21294,4464,5598,7548,1250,857,146,256,260,246,101,121,123,39,151,39,57,0,0,0,3
10559,382,Callantsoog,1655,14,1828,1669,506,253,718,70,27,3,27,16,6,3,6,5,5,7,1,2,0,0,0,0
11248,502,Capelle aan den IJssel,27499,206,35453,27705,9854,3773,7684,1369,517,1720,313,239,374,590,513,170,190,126,55,12,0,0,0,0
11287,383,Castricum,13985,72,16196,14057,3198,3994,4485,845,409,9,171,512,50,67,13,83,26,81,24,18,0,0,0,0
11433,760,Chaam,2242,8,2479,2250,418,1130,472,115,28,0,8,27,5,8,4,3,5,3,11,4,1,0,0,0
10383,109,Coevorden,8353,28,9815,8381,3314,2843,1425,328,106,3,37,68,98,13,26,34,13,14,26,5,0,0,0,0
11316,314,Cothen,1365,6,1557,1371,185,702,340,49,20,28,6,12,6,2,3,3,4,1,1,3,0,0,0,0
10023,761,Cuijk en Sint Agatha,8412,42,10683,8454,2315,3252,1673,487,187,3,52,188,13,37,5,22,105,32,28,8,5,0,0,0
10342,216,Culemborg,11031,41,13276,11072,3748,2894,2561,482,196,183,161,261,97,148,23,75,92,48,41,19,2,0,0,0
11004,110,Dalen,3673,7,3969,3680,1391,728,1286,138,17,2,25,22,19,6,8,8,5,3,13,2,0,0,0,0
11007,148,Dalfsen,8986,22,9894,9008,1236,4722,1606,303,37,48,16,92,155,13,615,71,14,10,41,7,0,0,0,0
10650,65,Dantumadeel,11420,53,13107,11473,3413,4180,1367,269,91,702,69,83,748,8,239,178,15,21,34,3,0,0,0,0
10168,310,De Bilt,21006,76,24050,21082,4701,5059,7641,1183,357,264,187,420,298,83,245,324,72,107,30,35,0,0,0,0
10241,552,De Lier,5508,11,6214,5519,551,2699,1646,176,31,35,20,38,49,29,103,71,21,23,12,4,0,0,0,0
10753,135,De Wijk,3049,4,3419,3053,964,729,1060,137,28,3,15,23,15,12,25,9,5,6,17,1,0,0,0,0
10928,503,Delft,52687,184,65479,52871,18065,11589,11554,2828,2268,606,1829,1378,606,388,306,545,207,336,85,97,0,0,0,0
10976,10,Delfzijl,13948,48,17602,13996,6484,2548,2544,521,237,15,389,176,310,91,243,211,86,56,29,8,0,0,0,0
10491,768,Den Dungen,2449,7,2834,2456,522,1337,375,102,23,0,7,38,0,1,0,2,16,4,12,10,0,0,0,0
10395,159,Den Ham,8419,44,9525,8463,2020,4135,878,193,45,60,21,57,519,2,320,82,7,8,67,5,0,0,0,0
10285,400,Den Helder,34405,153,45676,34558,9928,6936,12822,1373,622,174,322,484,645,245,292,142,114,173,105,28,0,0,0,0
10245,149,Denekamp,7446,33,8251,7479,1033,4686,1226,247,53,4,19,65,10,21,11,10,18,10,20,13,0,0,0,0
10379,762,Deurne,14953,64,19378,15017,2682,7537,3056,621,263,8,147,303,12,24,4,20,75,35,102,51,13,0,0,0
10899,150,Deventer,37969,204,45802,38173,17669,7125,7197,1794,1043,80,900,881,318,179,119,254,140,114,110,46,0,0,0,0
10153,218,Didam,8933,36,10563,8969,2381,4324,1386,360,91,2,36,204,10,15,3,13,24,14,59,9,2,0,0,0
11039,384,Diemen,9074,58,11062,9132,2982,1719,2668,449,360,17,263,173,58,193,25,39,19,71,24,11,0,0,0,3
10311,151,Diepenheim,1817,7,1960,1824,691,403,547,99,22,4,8,10,5,5,0,6,8,3,4,2,0,0,0,0
10933,152,Diepenveen,6880,19,7560,6899,1528,2799,1810,348,77,10,36,90,38,10,9,69,9,11,30,6,0,0,0,0
11185,763,Diessen,2062,6,2428,2068,188,1363,340,68,23,0,10,43,0,4,0,0,7,1,3,11,1,0,0,0
10418,111,Diever,2357,3,2511,2360,888,545,655,81,38,3,18,32,25,1,22,22,5,7,12,3,0,0,0,0
11193,764,Dinteloord en Prinsenlan,3401,13,4064,3414,1050,1049,694,108,37,226,16,29,121,19,1,16,12,10,5,6,2,0,0,0
11154,219,Dinxperlo,4244,17,5289,4261,898,2184,795,117,30,6,15,50,61,1,6,53,3,11,11,2,1,0,0,0
11344,504,Dirksland,4221,38,4950,4259,1213,797,648,106,30,1141,23,30,155,11,20,6,13,9,13,6,0,0,0,0
10647,220,Dodewaard,2388,3,2746,2391,876,590,435,85,14,274,7,20,63,0,3,7,5,1,5,1,2,0,0,0
10327,221,Doesburg,5986,36,7213,6022,2499,1622,1138,233,86,13,44,88,51,19,33,35,84,14,11,11,5,0,0,0
10396,222,Doetinchem,22448,81,27346,22529,7841,6700,4895,1040,426,190,148,491,190,61,61,145,74,91,56,35,4,0,0,0
10198,66,Dokkum,7384,23,8324,7407,1578,3596,973,163,53,77,29,118,261,9,182,297,14,22,7,5,0,0,0,0
10236,660,Domburg,2826,17,2862,2843,579,820,812,104,32,249,8,30,81,12,35,40,3,10,5,6,0,0,0,0
11412,766,Dongen,11149,10,14230,11159,2766,4413,2265,701,208,18,73,164,38,33,10,37,299,75,35,11,3,0,0,0
10086,67,Doniawerstal,3846,13,4348,3859,924,1807,742,159,31,20,18,55,34,1,8,29,4,5,9,0,0,0,0,0
10213,315,Doorn,6660,29,7965,6689,1169,1736,2558,335,133,260,31,92,158,22,38,67,13,36,9,3,0,0,0,0
11157,505,Dordrecht,60198,292,78033,60490,23327,11424,14167,2478,1478,1724,969,819,1240,883,343,593,310,239,139,65,0,0,0,0
10642,498,Drechterland,4846,20,5635,4866,885,2054,1305,223,110,6,48,82,23,34,0,9,19,10,16,22,0,0,0,0
11232,224,Dreumel,1958,8,2312,1966,483,901,377,107,22,0,9,19,3,5,0,1,14,4,6,7,0,0,0,0
10777,316,Driebergen-Rijsenburg,10689,47,12411,10736,2262,2913,3421,429,202,466,81,203,242,31,108,233,14,40,27,17,0,0,0,0
10830,506,Driebruggen,2448,15,2769,2463,227,1031,624,74,17,319,5,17,77,12,3,17,5,11,9,0,0,0,0,0
10210,303,Dronten,11701,32,13507,11733,2540,3883,3231,465,132,116,124,203,393,50,246,189,40,35,42,8,4,0,0,0
10428,767,Drunen,8557,38,10389,8595,1809,3776,1930,420,145,11,70,139,17,46,7,16,56,37,61,9,8,0,0,0
10068,225,Druten,6751,33,8680,6784,2122,2662,1171,322,120,8,53,127,8,23,0,10,70,15,29,10,1,0,0,0
11237,662,Duiveland,3163,6,3637,3169,813,542,686,84,20,818,14,14,126,7,9,13,3,10,2,2,0,0,0,0
11028,226,Duiven,6194,25,7303,6219,1305,2730,1495,298,90,1,32,103,10,15,15,23,23,19,23,11,1,0,0,0
10261,769,Dussen,3448,13,4107,3461,740,1472,675,168,32,116,20,30,68,19,15,20,19,13,29,9,3,0,0,0
10331,112,Dwingeloo,2592,8,2677,2600,1070,536,745,103,30,5,17,20,28,3,8,8,3,8,8,0,0,0,0,0
10941,902,Echt,9694,118,12660,9812,2517,4227,1675,466,318,2,74,145,9,18,8,6,46,30,58,35,60,0,0,0
10832,227,Echteld,3814,10,4245,3824,1481,731,816,111,17,528,8,22,64,5,5,6,7,3,10,0,0,0,0,0
10884,385,Edam-Volendam,13155,78,15923,13233,2240,6434,3307,406,132,2,113,227,21,87,3,35,22,55,46,25,0,0,0,0
10743,228,Ede,49910,106,59157,50016,8293,15224,13297,1735,433,5782,217,813,2127,170,365,692,251,148,307,41,15,0,0,0
10622,113,Eelde,6547,15,7270,6562,2362,992,2301,425,99,7,43,120,38,9,25,54,6,49,16,1,0,0,0,0
10248,317,Eemnes,4033,9,4606,4042,765,1270,1335,215,116,51,34,65,71,15,9,41,9,20,14,3,0,0,0,0
10904,11,Eenrum,1575,6,1754,1581,846,172,302,65,33,1,29,48,7,0,61,3,6,1,0,1,0,0,0,0
10741,770,Eersel,6471,26,8022,6497,865,3313,1537,327,172,2,29,119,5,15,3,12,13,15,32,12,0,0,0,0
10421,357,Egmond,6542,45,7804,6587,1935,1977,1821,254,149,5,93,107,39,58,9,33,16,19,15,12,0,0,0,0
10436,229,Eibergen,10089,28,11337,10117,2485,4984,1626,388,141,3,51,163,37,15,18,35,69,9,32,32,1,0,0,0
10314,905,Eijsden,6044,48,7703,6092,1388,2533,1547,268,97,1,27,79,4,9,3,4,19,5,14,26,20,0,0,0
11298,772,Eindhoven,106120,565,143725,106685,30507,36502,22569,5269,3618,129,1306,2562,549,418,199,464,986,339,403,248,52,0,0,0
11113,230,Elburg,11209,25,13110,11234,1554,3304,2478,248,54,1992,36,82,1043,26,159,128,18,25,55,4,3,0,0,0
11188,231,Elst,9474,8,11794,9482,2171,3922,2156,530,209,32,65,153,36,17,16,71,46,26,13,11,0,0,0,0
11180,114,Emmen,55099,170,64914,55269,27500,14057,6824,1650,802,53,1046,599,1075,82,400,481,266,99,97,68,0,0,0,0
10729,388,Enkhuizen,9210,62,10920,9272,3160,2165,2113,417,323,173,233,103,265,53,30,86,19,35,29,6,0,0,0,0
10364,153,Enschede,81905,23,102151,81928,33176,18482,16288,3678,1532,308,1988,1325,1184,269,1881,414,800,296,200,84,0,0,0,0
10940,232,Epe,20219,72,23521,20291,6385,5415,5312,957,203,664,95,174,549,66,65,122,31,49,109,11,12,0,0,0
10732,233,Ermelo,14273,31,17024,14304,1536,5624,3967,393,120,706,53,250,861,32,357,267,22,48,26,7,4,0,0,0
10385,775,Erp,3492,9,3953,3501,382,2339,519,113,48,0,8,29,3,4,2,2,10,4,19,7,3,0,0,0
10709,776,Esch,1108,6,1240,1114,169,669,185,33,12,0,3,20,2,1,0,1,5,2,5,1,0,0,0,0
10750,777,Etten-Leur,15553,64,20276,15617,4588,5451,3569,815,348,9,113,276,41,87,9,45,57,40,68,31,6,0,0,0
10638,508,Everdingen,1168,3,1306,1171,220,355,309,47,5,120,3,11,71,6,5,8,2,1,5,0,0,0,0,0
10136,12,Ezinge,1197,4,1305,1201,462,323,242,38,27,3,22,38,11,1,18,6,1,2,2,1,0,0,0,0
11284,68,Ferwerderadeel,5297,25,6022,5322,1190,2488,906,121,67,15,21,27,131,5,218,78,17,6,3,4,0,0,0,0
10206,778,Fijnaart en Heijningen,3703,12,4400,3715,1182,1398,718,136,37,24,12,38,57,18,6,37,10,11,6,12,1,0,0,0
10212,13,Finsterwolde,1930,11,2073,1941,650,73,192,20,17,5,931,5,16,2,5,5,5,2,1,1,0,0,0,0
11226,69,Franeker,7570,17,8850,7587,2692,2430,1522,243,93,21,71,66,173,14,69,110,26,22,11,7,0,0,0,0
10404,70,Franekeradeel,2499,16,2683,2515,851,922,447,56,50,1,9,17,68,3,18,36,8,7,5,1,0,0,0,0
10036,71,Gaasterland,4723,24,5367,4747,788,2412,831,124,47,138,21,63,116,2,12,112,15,20,14,8,0,0,0,0
11099,115,Gasselte,2681,11,3028,2692,1402,396,565,112,32,4,75,19,21,3,2,24,13,7,5,1,0,0,0,0
10101,779,Geertruidenberg,3583,14,4599,3597,1170,1126,839,206,44,4,25,46,10,21,2,10,30,15,21,10,4,0,0,0
10370,780,Geffen,2494,19,3157,2513,486,1269,473,66,32,2,10,34,4,7,1,0,78,5,23,3,1,0,0,0
10881,236,Geldermalsen,12678,55,14478,12733,3994,3342,3179,437,131,938,70,105,144,74,35,79,48,48,39,11,4,0,0,0
10529,781,Geldrop,14505,43,18627,14548,3223,5750,3423,912,234,6,99,459,75,49,13,59,62,42,66,18,15,0,0,0
10048,906,Geleen,19314,143,26384,19457,6005,7416,3305,973,619,11,163,357,62,47,16,29,77,42,58,63,71,0,0,0
10277,782,Gemert,9030,37,11583,9067,2114,4428,1495,376,198,3,70,127,5,18,5,7,120,8,30,19,7,0,0,0
10260,237,Gendringen,11350,50,13671,11400,2444,6033,1784,442,199,12,50,152,45,29,8,28,28,28,46,15,7,0,0,0
10440,238,Gendt,3924,26,4758,3950,1018,1817,719,207,64,3,14,43,3,3,0,6,12,6,4,3,2,0,0,0
10746,154,Genemuiden,3751,16,4434,3767,647,866,461,67,4,1028,6,14,561,4,38,27,8,5,13,2,0,0,0,0
10542,907,Gennep,8217,52,11083,8269,1764,3632,1540,696,258,3,47,140,14,16,1,11,50,9,21,9,6,0,0,0
10255,510,Giessenburg,2724,12,3041,2736,546,870,642,109,6,239,8,11,210,12,21,38,0,5,7,0,0,0,0,0
10506,116,Gieten,3744,19,4176,3763,1813,507,1047,187,36,1,27,38,22,5,12,20,4,15,9,1,0,0,0,0
11375,784,Gilze en Rijen,11905,37,14598,11942,2898,4840,2765,659,217,8,64,137,25,54,8,16,72,40,68,20,14,0,0,0
10981,511,Goedereede,6417,33,7211,6450,1304,1153,1129,214,30,2086,29,32,310,34,26,29,9,9,17,6,0,0,0,0
10674,664,Goes,18217,54,22489,18271,5150,5058,4064,767,233,1402,123,442,368,69,156,216,60,53,37,19,0,0,0,0
10971,785,Goirle,9300,55,11775,9355,2407,3285,2221,534,381,2,73,168,13,38,11,22,55,29,29,23,9,0,0,0
10076,156,Goor,7423,23,8345,7446,2949,2054,1622,354,76,15,47,60,56,26,44,38,32,15,20,15,0,0,0,0
10942,512,Gorinchem,15575,76,19649,15651,6843,2960,3196,608,218,412,178,180,319,187,91,208,46,87,30,12,0,0,0,0
10085,239,Gorssel,9502,22,10651,9524,2362,2765,3222,538,109,11,34,174,52,21,30,92,25,23,34,7,3,0,0,0
10302,513,Gouda,33308,254,41266,33562,11698,6959,7873,1700,644,1250,496,609,595,557,270,294,153,132,59,19,0,0,0,0
11258,514,Gouderak,1610,14,1874,1624,484,336,382,79,24,177,9,16,62,16,9,8,1,5,2,0,0,0,0,0
10450,515,Goudriaan,469,4,514,473,55,154,117,13,1,73,0,3,44,0,3,6,0,0,0,0,0,0,0,0
10914,516,Goudswaard,1034,4,1212,1038,278,139,208,24,5,329,3,6,22,8,4,3,3,2,0,0,0,0,0,0
11417,365,Graft-De Rijp,3201,18,3622,3219,867,803,1090,121,154,7,77,33,3,15,3,11,3,7,6,1,0,0,0,0
11339,157,Gramsbergen,3703,27,4112,3730,1168,1694,447,90,19,12,3,19,74,0,110,42,2,5,15,3,0,0,0,0
11008,909,Grathem,1617,8,1995,1625,191,967,316,64,21,1,8,19,1,3,0,0,6,2,6,1,11,0,0,0
10165,786,Grave,5616,26,7041,5642,1198,2251,1430,254,128,1,33,171,10,13,1,12,71,18,16,7,2,0,0,0
10244,16,Grijpskerk,2673,13,2954,2686,471,1322,378,65,23,9,15,42,54,6,177,94,7,6,4,0,0,0,0,0
11094,240,Groenlo,5026,4,5979,5030,930,2688,850,252,86,6,19,84,10,11,1,13,21,7,4,39,5,0,0,0
10616,241,Groesbeek,10398,68,13501,10466,3363,4279,1585,401,189,8,60,258,18,26,15,24,63,20,25,52,12,0,0,0
10426,14,Groningen,105864,433,131259,106297,46731,15458,17870,4372,4603,137,4937,3114,1036,281,4336,1505,812,435,153,84,0,0,0,0
11205,520,Groot-Ammers,1830,15,2055,1845,339,477,430,67,23,276,5,15,146,8,17,8,2,8,9,0,0,0,0,0
11080,15,Grootegast,5210,22,6023,5232,1136,2611,624,93,40,17,35,33,221,4,282,53,11,10,35,5,0,0,0,0
10176,912,Grubbenvorst,3784,15,4556,3799,560,1979,896,187,85,1,9,35,0,4,0,0,10,4,7,5,2,0,0,0
11032,913,Gulpen,4224,28,5194,4252,1036,1964,760,191,80,6,22,75,5,0,0,2,3,18,14,36,12,0,0,0
11435,158,Haaksbergen,13074,49,14877,13123,2701,6520,2544,593,164,4,64,204,29,32,17,35,44,32,46,45,0,0,0,0
11155,788,Haaren,2896,9,3412,2905,392,1761,498,96,44,1,17,44,1,4,0,3,9,4,12,9,1,0,0,0
10357,392,Haarlem,91972,580,117642,92552,30848,20592,23224,4586,3884,219,2561,2010,884,857,243,618,573,490,160,190,0,0,0,33
10508,393,Haarlemmerliede c.a.,2941,20,3423,2961,595,1044,870,133,48,19,68,56,22,24,7,23,11,10,3,8,0,0,0,0
11387,394,Haarlemmermeer,47037,267,57027,47304,10185,12937,16826,2116,758,527,781,893,667,332,161,325,137,218,114,51,0,0,0,9
11049,521,Haastrecht,2676,16,3063,2692,510,998,697,107,51,82,17,55,70,27,14,28,9,2,3,6,0,0,0,0
10321,914,Haelen,3315,20,4205,3335,507,1723,645,202,71,0,11,73,8,5,5,1,14,9,14,20,7,0,0,0
10297,522,Hagestein,829,5,928,834,143,317,194,27,4,93,2,10,19,4,2,4,1,1,7,1,0,0,0,0
10387,789,Halsteren,7020,51,8995,7071,2024,2043,2188,309,111,27,45,76,14,44,2,38,19,31,32,13,4,0,0,0
11283,790,Haps,1655,13,1903,1668,232,1055,232,66,27,0,1,26,0,0,0,1,5,2,4,2,2,0,0,0
10174,160,Hardenberg,19019,94,21085,19113,4212,8301,2300,537,126,52,47,137,432,18,2481,235,27,28,64,22,0,0,0,0
10786,243,Harderwijk,18430,45,21876,18475,2813,6758,4742,598,189,1006,87,274,1109,67,366,224,55,75,59,4,4,0,0,0
10167,523,Hardinxveld-Giessendam,9543,45,10966,9588,2468,1774,1607,271,56,1988,61,42,638,53,415,79,48,22,19,2,0,0,0,0
11058,17,Haren,12663,35,14149,12698,3262,3014,4305,744,168,22,83,201,133,14,415,184,15,75,22,6,0,0,0,0
10963,395,Harenkarspel,3372,16,3977,3388,650,1504,854,117,64,0,28,69,12,22,13,11,5,10,6,7,0,0,0,0
10909,72,Harlingen,9092,35,10915,9127,3920,2026,1880,314,129,9,85,110,149,25,287,77,30,20,7,24,0,0,0,0
10183,318,Harmelen,4384,15,5149,4399,637,1538,1559,221,69,89,14,95,63,21,11,46,8,1,9,3,0,0,0,0
10022,73,Haskerland,9652,40,11070,9692,3515,3354,1743,327,89,49,93,135,114,3,24,129,14,34,18,11,0,0,0,0
10115,161,Hasselt,3729,15,4197,3744,776,1261,549,123,13,182,9,24,409,3,312,48,8,6,6,0,0,0,0,0
10673,244,Hattem,7275,18,7972,7293,2209,2096,1270,280,35,77,32,63,403,6,664,89,5,30,10,4,2,0,0,0
10186,117,Havelte,3814,9,4261,3823,1710,448,1271,158,45,4,18,58,30,9,5,11,13,19,13,2,0,0,0,0
11257,524,Hazerswoude,6367,48,7351,6415,1020,2298,1807,352,101,221,50,154,233,29,9,41,19,15,11,7,0,0,0,0
10982,245,Hedel,2184,8,2506,2192,484,782,475,101,16,219,14,18,20,9,15,9,6,8,6,2,0,0,0,0
11208,915,Heel en Panheel,2084,19,3373,2103,330,1024,456,118,52,1,15,53,2,6,1,0,9,6,6,3,2,0,0,0
10679,396,Heemskerk,17647,132,21723,17779,5143,5209,4013,983,779,28,368,474,110,144,52,109,89,94,20,27,0,0,0,5
11288,397,Heemstede,17137,94,19888,17231,2787,4968,7180,812,353,38,126,346,155,54,25,126,43,79,13,28,0,0,0,4
10291,246,Heerde,11055,31,12444,11086,3404,3518,1828,340,71,392,31,64,959,10,175,108,11,24,112,5,3,0,0,0
10680,74,Heerenveen,23202,75,26989,23277,10696,4524,4505,880,348,54,938,341,328,28,179,222,38,67,37,17,0,0,0,0
10067,247,Heerewaarden,772,1,844,773,401,90,209,27,12,3,4,11,2,1,1,2,6,2,0,0,1,0,0,0
10752,398,Heerhugowaard,17087,72,20815,17159,4286,4938,5024,1021,631,15,255,355,116,112,43,106,65,62,45,13,0,0,0,0
10540,526,Heerjansdam,2101,3,2455,2104,624,572,568,88,26,68,12,22,51,30,4,16,4,8,4,4,0,0,0,0
10902,917,Heerlen,47862,260,68204,48122,15805,16801,7549,2029,1049,18,1203,1033,112,121,56,140,1021,143,128,244,410,0,0,0
10149,791,Heesch,5254,30,6664,5284,1107,2633,905,245,51,1,17,62,0,12,0,2,165,17,23,13,1,0,0,0
10690,792,Heeswijk-Dinther,4626,19,5323,4645,643,2767,793,149,84,0,13,110,3,13,0,5,20,4,16,3,3,0,0,0
10462,793,Heeze,4959,27,6022,4986,746,2452,1259,248,74,1,12,97,7,6,0,13,12,9,12,8,3,0,0,0
10246,19,Hefshuizen,6972,23,7820,6995,2303,2420,953,129,54,14,103,40,92,12,738,63,13,14,18,6,0,0,0,0
11024,527,Hei- en Boeicop,621,4,661,625,78,228,133,9,5,106,0,4,45,3,0,1,1,4,4,0,0,0,0,0
10793,399,Heiloo,13282,54,15039,13336,2755,3876,4784,714,334,13,172,266,106,57,18,78,23,51,17,18,0,0,0,0
10821,528,Heinenoord,2059,16,2376,2075,689,470,495,96,24,139,3,24,51,13,6,23,4,11,11,0,0,0,0,0
10854,162,Heino,4085,11,4480,4096,720,2034,790,162,38,12,13,61,89,6,88,41,3,8,15,5,0,0,0,0
10205,918,Helden,8706,40,11364,8746,1044,5292,1585,363,200,2,30,90,8,7,2,0,20,15,23,19,6,0,0,0
10806,163,Hellendoorn,20546,58,23027,20604,3860,11304,2625,643,88,153,48,285,786,27,315,193,32,38,134,15,0,0,0,0
11078,530,Hellevoetsluis,14558,51,18603,14609,6219,1596,4276,834,326,112,226,219,136,260,45,69,118,92,21,9,0,0,0,0
10932,794,Helmond,29443,130,40849,29573,9613,10238,5624,1472,528,94,682,346,59,122,28,48,303,117,102,59,8,0,0,0
10389,795,Helvoirt,2688,14,3105,2702,431,1287,692,147,27,5,14,32,2,4,0,4,6,7,18,9,3,0,0,0
10334,75,Hemelumer Oldeferd,3133,6,3492,3139,495,1578,632,120,25,17,9,32,93,9,22,76,2,10,9,4,0,0,0,0
10416,531,Hendrik-Ido-Ambacht,9699,4,11621,9703,2400,2275,2472,548,115,1102,50,120,292,59,109,106,22,20,5,4,0,0,0,0
10359,248,Hengelo (Gld),5037,21,5837,5058,1129,2514,1008,204,30,25,4,29,13,5,8,11,6,11,26,12,2,0,0,0
10907,164,Hengelo (Ov),46427,168,54140,46595,15893,14702,8920,2213,1020,57,570,884,549,222,347,281,413,121,145,90,0,0,0,0
10877,76,Hennaarderadeel,2886,10,3253,2896,523,1455,583,79,48,8,14,38,50,2,3,69,2,6,5,1,0,0,0,0
10138,919,Herten,2003,23,2497,2026,345,1040,428,96,28,0,6,33,3,1,0,0,5,7,0,4,7,0,0,0
10819,249,Herwen en Aerdt,4410,21,5708,4431,1394,1772,829,192,59,2,28,40,9,11,2,5,24,10,20,11,2,0,0,0
11266,250,Herwijnen,1529,3,1658,1532,532,548,220,31,18,51,7,12,93,3,2,8,1,2,1,0,0,0,0,0
10128,63,het Bildt,5368,20,6054,5388,1949,1877,983,140,78,6,64,68,79,13,17,60,9,9,11,5,0,0,0,0
10290,251,Heteren,4743,13,5657,4756,1108,1968,955,188,67,176,43,72,69,12,24,27,6,11,12,5,0,0,0,0
11308,533,Heukelum,1640,3,1891,1643,601,403,398,73,14,51,10,6,35,12,10,8,1,4,11,3,0,0,0,0
10600,252,Heumen,6911,5,8002,6916,1208,3346,1460,374,166,5,39,207,4,9,5,13,40,13,8,13,1,0,0,0
10307,797,Heusden,2903,16,3692,2919,703,1118,661,120,37,48,26,46,50,31,2,10,17,14,14,5,1,0,0,0
10840,920,Heythuysen,3229,17,4041,3246,446,1829,656,125,58,0,11,33,4,1,2,1,15,13,18,10,7,0,0,0
11236,534,Hillegom,11146,68,13463,11214,2245,4121,3332,527,252,64,95,226,71,45,11,41,32,41,13,30,0,0,0,0
11297,798,Hilvarenbeek,5231,24,6156,5255,1133,2362,1159,239,94,3,39,120,5,9,0,11,20,14,11,12,0,0,0,0
11285,402,Hilversum,55309,249,68610,55558,16104,13298,16533,2421,1587,546,894,940,829,431,271,386,608,261,116,70,0,0,0,14
10672,77,Hindeloopen,533,6,586,539,227,165,72,16,9,2,8,13,13,0,1,3,2,1,1,0,0,0,0,0
11358,253,Hoevelaken,4477,4,5046,4481,829,1299,1431,257,36,299,10,74,109,8,65,37,1,14,6,2,0,0,0,0
10065,799,Hoeven,3995,19,5279,4014,975,1619,1019,165,48,11,20,37,10,26,6,2,8,14,27,8,0,0,0,0
11246,165,Holten,5892,20,6204,5912,1549,2095,1684,239,31,32,12,35,66,21,16,45,4,14,49,0,0,0,0,0
11123,675,Hontenisse,4708,18,5706,4726,1122,2297,849,200,76,4,13,50,10,14,15,11,5,6,26,10,0,0,0,0
11040,535,Hoogblokland,906,3,963,909,268,224,263,24,4,47,8,5,42,6,3,7,1,1,2,1,0,0,0,0
10476,801,Hooge en Lage Mierde,2195,5,2512,2200,255,1413,344,78,38,0,4,26,2,4,0,4,12,1,11,3,0,0,0,0
11318,802,Hooge en Lage Zwaluwe,3547,10,4263,3557,1020,1285,826,168,36,18,27,36,44,29,6,11,16,8,9,7,1,0,0,0
10657,800,Hoogeloon c.a.,4474,7,5312,4481,603,2641,859,187,55,2,7,53,5,9,5,5,18,8,9,8,0,0,0,0
10839,118,Hoogeveen,25887,76,30493,25963,7939,9460,3731,864,226,248,476,260,1154,96,602,507,70,71,173,10,0,0,0,0
10410,18,Hoogezand-Sappemeer,19678,65,24628,19743,10138,2711,3457,658,344,13,859,250,214,72,383,225,189,77,56,32,0,0,0,0
11392,405,Hoorn,25698,130,31630,25828,8751,5400,6967,1338,809,16,826,554,198,327,29,124,132,99,67,61,0,0,0,0
10516,536,Hoornaar,938,5,1025,943,243,257,297,34,13,25,4,8,44,2,0,6,1,2,2,0,0,0,0,0
11176,922,Horn,2264,10,2861,2274,378,1053,585,105,49,1,6,44,0,4,1,0,10,4,13,6,5,0,0,0
10607,254,Horssen,852,4,964,856,111,483,184,36,11,0,2,12,0,1,0,1,9,0,1,1,0,0,0,0
11108,923,Horst,9933,39,12054,9972,1478,5809,1822,331,153,5,39,92,9,20,5,7,82,19,31,22,9,0,0,0
10230,321,Houten,6861,12,7794,6873,1095,2762,1812,296,126,257,32,166,133,40,24,52,32,9,11,14,0,0,0,0
10466,803,Huijbergen,1172,4,1400,1176,180,545,353,40,5,0,6,20,3,5,0,4,4,4,1,2,0,0,0,0
11047,255,Huissen,8522,34,10139,8556,1918,3464,2200,365,159,9,59,155,16,17,14,39,32,19,17,30,9,0,0,0
11170,406,Huizen,19137,105,22594,19242,4000,4990,5978,903,455,738,208,210,1100,110,104,156,62,86,34,3,0,0,0,0
11408,677,Hulst,9722,59,12622,9781,2924,3686,2109,511,177,4,51,97,19,22,5,10,21,34,29,23,0,0,0,0
11235,256,Hummelo en Keppel,2739,8,3144,2747,769,813,899,137,29,10,9,28,9,2,5,6,6,10,6,1,0,0,0,0
10784,925,Hunsel,3040,31,3769,3071,434,1773,560,133,43,0,12,22,2,2,0,6,29,1,12,9,2,0,0,0
10815,78,Idaarderadeel,5951,11,6522,5962,3246,793,1322,256,92,6,48,78,37,5,4,34,9,14,3,4,0,0,0,0
11062,102,IJlst,1685,5,1904,1690,468,750,287,61,16,2,5,27,30,0,4,28,1,1,5,0,0,0,0,0
10858,195,IJsselham,3314,14,3653,3328,987,1268,691,78,27,11,11,26,79,5,65,41,9,6,9,1,0,0,0,0
10641,191,IJsselmuiden,7066,51,7812,7117,788,2559,838,124,34,1491,15,53,940,16,108,66,3,2,19,10,0,0,0,0
10152,353,IJsselstein,9323,34,11335,9357,2364,2986,2336,438,200,367,76,129,94,118,19,83,44,33,14,22,0,0,0,0
10809,407,Ilpendam,1960,24,2294,1984,536,551,507,68,32,10,149,29,18,24,0,13,4,11,6,2,0,0,0,0
10481,408,Jisp,613,1,709,614,225,70,211,32,13,0,37,18,0,4,0,0,0,1,2,0,0,0,0,0
10554,323,Kamerik,2176,12,2412,2188,248,983,419,79,27,207,3,29,127,5,1,24,14,4,5,1,0,0,0,0
10253,166,Kampen,19230,94,21928,19324,5231,5628,2698,522,317,1237,108,451,1796,51,626,398,51,46,53,17,0,0,0,0
10372,20,Kantens,1166,5,1294,1171,477,218,200,29,37,2,19,12,12,1,138,7,2,5,7,0,0,0,0,0
11223,678,Kapelle,5798,16,6849,5814,1307,1875,1357,297,35,421,16,87,205,30,31,46,10,21,57,3,0,0,0,0
10707,537,Katwijk,21220,162,26547,21382,3191,7710,3970,627,194,3095,94,204,1507,145,127,162,69,74,37,14,0,0,0,0
11136,409,Katwoude,179,1,198,180,31,57,68,4,3,0,2,4,5,2,1,0,1,1,0,0,0,0,0,0
10280,538,Kedichem,789,3,902,792,228,141,319,23,7,40,0,4,13,10,0,0,0,4,0,0,0,0,0,0
10313,928,Kerkrade,26330,331,39102,26661,10105,8913,3647,1116,455,20,371,528,33,52,21,43,320,88,78,362,178,0,0,0
10791,257,Kerkwijk,3427,16,4011,3443,653,997,588,79,29,872,12,27,120,2,14,11,8,5,6,4,0,0,0,0
10890,929,Kessel,2143,13,2682,2156,363,1165,439,78,24,1,2,42,0,3,0,0,21,1,2,2,0,0,0,0
10916,258,Kesteren,4990,20,5749,5010,1425,912,816,106,45,1443,20,25,130,4,7,26,8,7,15,0,1,0,0,0
10284,539,Klaaswaal,2196,0,2587,2196,702,497,578,88,23,168,10,22,49,18,9,17,6,4,5,0,0,0,0,0
10628,21,Kloosterburen,1112,4,1266,1116,335,512,161,21,20,6,8,10,8,0,11,5,4,2,0,9,0,0,0,0
10656,804,Klundert,3783,11,4557,3794,754,1675,783,125,26,126,12,28,176,14,11,25,6,9,7,6,0,0,0,0
10765,324,Kockengen,1871,8,2069,1879,209,837,371,62,20,171,6,36,115,7,6,6,8,10,5,2,0,0,0,0
10984,79,Kollumerland c.a.,7234,19,8442,7253,1618,3621,965,124,68,153,41,40,335,10,82,145,9,6,8,9,0,0,0,0
10250,682,Kortgene,2290,6,2627,2296,788,561,576,79,26,146,8,22,24,9,19,13,1,14,4,0,0,0,0,0
10029,540,Koudekerk aan den Rijn,2653,14,3037,2667,551,936,783,127,42,44,19,38,39,9,5,35,9,13,3,0,0,0,0,0
10617,541,Krimpen aan de Lek,3625,41,4335,3666,1484,574,840,186,42,283,35,21,53,45,15,9,18,11,8,1,0,0,0,0
10859,542,Krimpen aan den IJssel,15938,120,18954,16058,5025,2460,4510,697,249,1761,151,175,336,167,171,85,63,68,12,8,0,0,0,0
11335,882,Landgraaf,20428,183,28428,20611,7287,6664,3433,983,378,16,303,485,57,37,12,25,241,74,76,206,151,0,0,0
11225,415,Landsmeer,5334,35,6174,5369,1942,667,1607,278,149,14,343,133,45,72,4,24,8,30,15,3,0,0,0,0
11413,325,Langbroek,1265,3,1400,1268,237,432,271,21,17,203,11,7,45,4,4,8,0,5,0,0,0,0,0,0
10955,416,Langedijk,7684,61,9051,7745,1649,2670,2070,363,193,8,219,142,144,48,37,62,19,29,20,11,0,0,0,0
11127,543,Langerak,1104,6,1259,1110,253,290,189,43,5,137,2,2,102,10,61,6,1,2,0,1,0,0,0,0
10649,417,Laren (NH.),8050,0,9647,8050,1478,2298,3124,484,230,26,71,155,36,14,21,28,10,47,12,11,0,0,0,5
10604,22,Leek,9994,35,11454,10029,3594,2531,2076,355,138,28,101,103,157,17,594,163,19,58,57,3,0,0,0,0
11017,805,Leende,2508,8,2778,2516,200,1535,586,81,31,0,2,33,3,3,1,1,3,10,4,14,1,0,0,0
11050,23,Leens,2286,9,2624,2295,755,665,330,48,50,7,39,28,45,2,277,20,8,5,4,3,0,0,0,0
10465,544,Leerbroek,729,2,847,731,55,212,113,18,2,256,2,2,52,6,8,1,0,0,1,1,0,0,0,0
10685,545,Leerdam,8678,33,10428,8711,2943,1931,1736,265,51,706,83,75,462,158,131,51,25,23,35,3,0,0,0,0
11142,326,Leersum,4102,17,4587,4119,881,986,1492,193,44,267,15,44,107,9,16,22,5,13,7,1,0,0,0,0
11228,80,Leeuwarden,53297,214,63336,53511,25163,11666,9134,1708,1387,130,699,810,744,181,564,677,146,194,50,44,0,0,0,0
10851,81,Leeuwarderadeel,5407,25,6002,5432,2203,1505,1040,254,91,9,20,46,74,9,41,83,2,15,8,7,0,0,0,0
10702,546,Leiden,61226,498,77939,61724,23766,11221,14385,3262,2245,362,1760,1518,580,549,231,349,659,227,53,59,0,0,0,0
10058,547,Leiderdorp,12456,60,14643,12516,2763,3074,4483,790,294,119,77,351,110,88,53,144,56,36,7,11,0,0,0,0
10742,548,Leidschendam,18583,122,22112,18705,3762,6044,6080,1056,385,46,110,298,98,163,95,104,160,96,33,53,0,0,0,0
11351,549,Leimuiden,2594,34,3049,2628,326,1104,863,99,34,10,14,38,20,7,5,46,9,12,5,2,0,0,0,0
10050,550,Lekkerkerk,4697,36,5324,4733,1758,636,1388,212,59,380,41,31,83,41,5,36,5,17,5,0,0,0,0,0
11110,995,Lelystad,25947,83,32309,26030,10293,4056,6238,1364,511,108,1238,571,262,481,193,227,145,129,100,22,9,0,0,0
10142,82,Lemsterland,6269,18,7404,6287,2225,1959,1131,210,65,65,258,57,175,7,10,58,20,12,14,3,0,0,0,0
10978,327,Leusden,12863,31,14569,12894,2209,4093,4223,713,223,287,61,229,180,24,352,173,18,46,14,18,0,0,0,0
10930,551,Lexmond,1655,8,1787,1663,364,557,307,34,17,231,16,7,78,6,8,18,2,7,2,1,0,0,0,0
10242,260,Lichtenvoorde,10400,49,11893,10449,1457,5970,1946,431,215,5,23,174,13,20,3,32,38,22,24,24,3,0,0,0
10390,806,Liempde,2443,12,2762,2455,499,1383,337,126,30,0,6,23,3,3,1,3,9,0,10,10,0,0,0,0
11093,261,Lienden,3909,17,4471,3926,1664,720,891,103,40,331,15,25,63,8,1,13,7,4,22,2,0,0,0,0
10637,807,Lieshout,3161,7,3838,3168,571,1695,567,131,45,1,38,44,1,6,1,1,26,4,21,7,2,0,0,0
11370,418,Limmen,3043,26,3474,3069,539,1301,796,129,83,0,57,51,8,17,3,10,17,6,24,2,0,0,0,0
10990,932,Linne,2222,16,2837,2238,457,1061,496,99,33,1,12,22,2,4,1,4,4,7,5,10,4,0,0,0
11324,328,Linschoten,2391,6,2758,2397,307,867,679,81,26,233,13,33,88,11,6,24,9,6,3,5,0,0,0,0
10197,553,Lisse,11611,87,13589,11698,1807,4368,3339,469,239,591,85,226,218,52,51,56,37,30,17,26,0,0,0,0
11219,808,Lith,3325,13,4043,3338,696,1686,666,120,33,0,7,36,3,2,0,1,40,8,21,5,1,0,0,0
11263,262,Lochem,11394,34,13135,11428,3510,2716,3601,714,239,4,74,183,90,30,14,104,25,48,35,6,1,0,0,0
11202,329,Loenen,4416,16,5025,4432,891,1357,1485,176,75,119,36,86,91,19,28,21,11,11,7,3,0,0,0,0
11259,809,Loon op Zand,11040,72,13760,11112,2328,4894,2677,462,170,84,61,162,14,23,7,13,33,29,49,29,5,0,0,0
10639,330,Loosdrecht,5313,27,6189,5340,885,1464,2260,247,89,101,34,34,70,17,32,30,10,27,10,3,0,0,0,0
10333,331,Lopik,4412,15,5171,4427,904,1700,905,158,42,368,13,44,160,28,21,21,10,16,20,2,0,0,0,0
10934,24,Loppersum,2462,11,2757,2473,776,794,411,111,39,10,27,25,50,0,129,77,5,4,4,0,0,0,0,0
11166,168,Losser,12865,61,15342,12926,3205,6426,1939,454,135,11,163,283,49,35,9,27,37,28,47,17,0,0,0,0
10011,810,Luyksgestel,1462,13,1766,1475,175,869,302,57,22,0,3,10,0,6,0,0,1,0,11,6,0,0,0,0
11143,811,Maarheeze,4911,13,5924,4924,614,2613,1278,214,57,2,28,56,6,3,0,10,2,8,15,3,2,0,0,0
10392,332,Maarn,3883,11,4264,3894,710,1024,1527,214,51,161,21,43,28,15,18,41,2,17,7,4,0,0,0,0
10191,333,Maarssen,17889,82,21869,17971,4899,4252,5797,1065,370,161,157,319,396,140,47,113,59,68,34,12,0,0,0,0
10691,334,Maartensdijk,5698,17,6485,5715,1033,1446,1815,281,88,542,36,58,231,28,33,62,13,22,9,1,0,0,0,0
10964,933,Maasbracht,4319,31,5725,4350,941,1996,880,191,90,5,25,45,56,13,2,11,6,11,19,13,15,0,0,0
11352,934,Maasbree,5904,26,7467,5930,618,3508,1206,262,98,3,22,98,6,10,1,2,25,18,12,12,3,0,0,0
11019,554,Maasdam,1989,6,2255,1995,618,369,619,76,19,199,8,7,30,15,4,10,5,3,7,0,0,0,0,0
10341,263,Maasdriel,4837,11,5784,4848,860,2419,1094,181,37,18,20,28,8,5,3,6,116,5,20,16,1,0,0,0
10393,555,Maasland,3667,7,4064,3674,377,1732,1074,147,21,45,15,41,103,24,23,46,2,6,10,1,0,0,0,0
10880,556,Maassluis,17901,71,22309,17972,5578,4326,4942,871,227,173,191,303,479,251,115,172,150,75,38,10,0,0,0,0
10182,935,Maastricht,57268,388,84417,57656,21402,18149,10444,2389,1423,21,877,1253,105,169,27,76,376,130,104,237,86,0,0,0
10258,812,Made en Drimmelen,6572,44,8241,6616,1956,2593,1343,364,58,8,31,76,6,22,8,5,24,16,37,19,6,0,0,0
11243,936,Margraten,7850,49,9197,7899,1411,3898,1638,425,135,3,50,114,11,10,3,16,7,21,21,65,22,0,0,0
11221,686,Mariekerke,2028,9,2187,2037,118,669,272,47,15,715,2,12,106,0,17,42,4,3,4,2,0,0,0,0
11382,169,Markelo,4649,31,5161,4680,1365,1120,1729,227,19,34,13,37,36,6,7,13,8,14,20,1,0,0,0,0
10901,419,Marken,1400,0,1529,1400,297,650,287,62,14,1,4,6,23,3,2,45,0,1,5,0,0,0,0,0
11431,25,Marum,5203,23,5992,5226,1958,1433,1049,172,61,14,58,57,131,5,113,49,17,30,55,1,0,0,0,0
10300,264,Maurik,3713,13,4142,3726,1710,820,858,99,27,70,12,39,28,2,5,18,4,8,10,2,1,0,0,0
11215,420,Medemblik,3786,21,4591,3807,1043,1238,865,145,70,9,147,57,87,40,9,13,25,11,13,14,0,0,0,0
10304,26,Meeden,1181,5,1316,1186,638,228,155,30,25,4,20,16,25,1,20,13,4,0,0,2,0,0,0,0
10618,557,Meerkerk,1908,8,2120,1916,446,602,480,71,15,162,14,11,75,12,3,9,0,2,6,0,0,0,0,0
11416,993,Meerlo-Wanssum,3925,14,4782,3939,461,2350,742,168,68,1,11,79,2,2,0,5,15,5,8,5,3,0,0,0
10494,938,Meerssen,11648,84,14864,11732,2717,4864,2668,633,231,6,81,221,17,14,15,12,35,23,32,39,40,0,0,0
10988,813,Megen c.a.,1758,8,2043,1766,289,960,315,47,33,1,9,28,0,6,1,1,45,5,10,8,0,0,0,0
10925,941,Meijel,2790,15,3694,2805,308,1813,452,104,39,1,7,39,2,2,0,0,2,4,8,3,6,0,0,0
10196,939,Melick en Herkenbosch,4107,33,5034,4140,914,1784,966,220,64,2,15,84,3,6,1,2,2,12,12,6,14,0,0,0
11144,83,Menaldumadeel,8127,34,9063,8161,3048,2554,1707,263,95,22,34,79,115,10,33,102,14,19,21,11,0,0,0,0
11204,119,Meppel,13738,47,16153,13785,5502,3156,3146,507,209,24,99,186,273,60,294,138,38,51,46,9,0,0,0,0
10122,687,Middelburg,22035,70,27065,22105,6473,5246,4799,1010,486,1551,206,602,679,112,281,409,82,64,21,14,0,0,0,0
11067,559,Middelharnis,8845,21,10877,8866,2612,1602,1620,359,105,1613,25,229,481,27,59,54,24,19,13,3,0,0,0,0
11199,27,Middelstum,1840,11,2020,1851,499,739,236,44,32,3,15,21,96,1,109,31,3,8,1,2,0,0,0,0
10837,688,Middenschouwen,1568,2,1782,1570,345,478,428,47,7,123,8,12,74,0,23,10,0,8,5,0,0,0,0,0
10356,28,Midwolda,2614,12,2988,2626,1062,823,231,60,27,6,149,20,145,5,6,67,8,1,3,1,0,0,0,0
10215,814,Mierlo,5455,13,6531,5468,1037,2438,1392,315,90,1,27,70,3,5,3,10,13,17,21,8,5,0,0,0
11379,336,Mijdrecht,7962,34,9391,7996,1175,3009,2642,332,105,120,34,188,145,30,45,47,14,28,27,21,0,0,0,0
11112,564,Mijnsheerenland,2532,6,2867,2538,551,644,985,121,38,78,10,13,38,17,9,16,2,4,5,1,0,0,0,0
10535,815,Mill en Sint Hubert,6133,38,7155,6171,1129,3455,999,226,100,0,20,77,0,5,0,10,49,10,32,14,7,0,0,0
10072,265,Millingen aan de Rijn,2844,19,3559,2863,1114,1031,375,154,34,2,9,69,1,19,0,2,17,3,6,6,2,0,0,0
11191,816,Moergestel,3224,13,3718,3237,581,1712,674,103,52,0,12,43,3,3,1,2,14,5,13,6,0,0,0,0
11383,560,Moerkapelle,1689,12,1888,1701,322,354,349,56,13,448,7,8,103,9,3,7,5,2,3,0,0,0,0,0
10166,561,Molenaarsgraaf,558,7,630,565,94,191,101,18,5,110,0,3,29,0,3,3,0,0,0,1,0,0,0,0
10983,423,Monnickendam,5536,20,6585,5556,1685,1185,1703,328,138,1,159,110,42,71,7,66,4,20,12,5,0,0,0,0
10019,562,Monster,10933,54,13393,10987,1628,4601,3061,265,95,530,32,93,177,114,148,82,29,33,23,22,0,0,0,0
10033,335,Montfoort,3587,14,4125,3601,572,1407,1044,151,42,130,24,83,48,23,6,23,8,10,10,6,0,0,0,0
10266,943,Montfort,1651,30,2172,1681,349,841,293,78,26,0,10,11,1,8,0,0,4,2,10,11,7,0,0,0
10271,944,Mook en Middelaar,3819,11,4483,3830,760,1476,1029,231,133,1,18,91,4,12,5,7,32,9,4,5,2,0,0,0
10120,563,Moordrecht,3487,30,4364,3517,1130,760,817,228,37,216,33,65,62,38,13,52,10,15,5,6,0,0,0,0
10958,424,Muiden,4346,37,4977,4383,1217,1072,1368,316,91,31,43,59,16,51,13,36,6,13,10,0,0,0,0,4
10550,29,Muntendam,3004,13,3520,3017,1882,244,289,112,39,6,265,16,70,0,16,21,33,8,2,1,0,0,0,0
11418,565,Naaldwijk,15189,49,17851,15238,2139,6808,4692,418,129,151,36,125,247,118,44,89,46,44,40,63,0,0,0,0
10187,425,Naarden,10429,5,12294,10434,1903,2291,4543,725,264,101,104,151,105,52,46,41,20,60,5,13,0,0,0,5
10715,426,Nederhorst den Berg,2891,19,3399,2910,653,890,969,97,46,15,39,60,28,9,19,37,2,18,6,3,0,0,0,0
10681,946,Nederweert,8158,81,10300,8239,1552,4655,1307,312,95,0,21,85,8,5,0,8,18,31,39,14,8,0,0,0
10367,266,Neede,7022,25,7860,7047,2705,2162,1406,286,99,3,36,70,65,14,79,18,35,20,18,5,1,0,0,0
10682,947,Neer,1939,11,2535,1950,269,1139,296,96,47,2,14,42,0,2,0,1,7,3,11,6,4,0,0,0
10125,304,Neerijnen,6188,25,7099,6213,2181,1478,1314,189,70,654,26,44,103,28,26,29,6,9,24,5,2,0,0,0
10923,412,Niedorp,4716,30,5421,4746,1575,1264,1235,247,156,3,75,80,8,15,5,11,7,14,10,11,0,0,0,0
10092,566,Nieuw-Beijerland,1812,5,2074,1817,464,258,521,65,12,360,15,16,54,13,4,13,6,10,1,0,0,0,0,0
10950,30,Nieuwe Pekela,3237,21,3814,3258,1392,811,464,78,32,16,221,35,118,1,17,32,7,6,2,5,0,0,0,0
10374,356,Nieuwegein,27281,16,34110,27297,7989,6412,7761,1877,720,288,350,520,273,257,166,212,263,109,44,40,0,0,0,0
10855,567,Nieuwerkerk aan den IJssel,8771,57,10488,8828,2431,1780,2690,435,129,520,71,89,273,101,55,99,34,34,25,5,0,0,0,0
10008,31,Nieuweschans,1236,9,1409,1245,646,83,134,27,12,1,295,11,2,2,0,5,9,7,1,1,0,0,0,0
10406,817,Nieuw-Ginneken,6552,25,7718,6577,1164,2765,1972,317,82,4,17,94,10,24,2,16,13,21,37,12,2,0,0,0
10728,569,Nieuwkoop,5262,13,6400,5275,972,1796,1567,325,84,109,50,121,93,24,16,51,20,17,12,5,0,0,0,0
11213,570,Nieuwland,503,3,544,506,81,152,89,8,7,86,6,6,61,0,2,0,1,0,4,0,0,0,0,0
10547,571,Nieuw-Lekkerland,4501,16,5218,4517,1457,816,557,160,46,1101,35,34,156,22,72,19,5,8,12,1,0,0,0,0
10384,170,Nieuwleusen,4455,16,5228,4471,868,1952,831,209,18,157,9,25,101,13,186,29,8,7,39,3,0,0,0,0
10126,32,Nieuwolda,1071,6,1201,1077,528,233,175,15,22,2,26,13,18,1,4,16,4,12,1,1,0,0,0,0
10748,572,Nieuwpoort,706,5,789,711,156,173,139,27,5,96,1,5,78,3,17,4,1,0,1,0,0,0,0,0
10487,573,Nieuwveen,1610,28,2192,1638,211,735,428,62,35,34,6,30,21,11,0,17,5,8,5,2,0,0,0,0
10401,818,Nieuw-Vossemeer,1449,6,1645,1455,505,500,280,67,32,3,8,12,1,6,0,2,8,14,6,5,0,0,0,0
10160,337,Nigtevecht,787,1,931,788,177,249,252,52,7,3,7,11,6,9,1,6,1,4,2,0,0,0,0,0
10774,121,Nijeveen,1808,6,1966,1814,434,780,421,65,12,2,2,12,28,2,15,21,2,8,4,0,0,0,0,0
10446,267,Nijkerk,13969,48,16099,14017,2825,5368,2811,482,81,994,27,178,723,45,172,138,29,30,59,1,6,0,0,0
11209,268,Nijmegen,84538,376,110306,84914,28663,24004,13353,3773,6441,55,2189,2837,166,313,88,312,1708,223,132,216,65,0,0,0
10094,819,Nistelrode,3674,24,4472,3698,678,2121,509,165,64,1,8,48,0,9,0,1,39,4,15,11,1,0,0,0
10296,574,Noordeloos,959,2,1040,961,138,300,214,28,3,144,1,3,95,6,4,20,1,0,2,0,0,0,0,0
10924,529,Noorder-Koggenland,5440,27,6376,5467,1601,1148,1772,286,165,70,78,84,114,25,4,19,15,37,17,5,0,0,0,0
10144,171,Noordoostpolder,22713,79,26010,22792,5323,8361,5125,937,274,365,186,310,802,51,450,335,57,60,45,32,0,0,0,0
10769,575,Noordwijk,13309,151,17103,13460,2622,4456,4090,537,351,92,124,465,144,63,40,178,56,44,19,28,0,0,0,0
11134,576,Noordwijkerhout,8357,64,10166,8421,1149,3498,2608,342,253,17,101,183,22,29,15,26,39,33,17,25,0,0,0,0
10601,577,Nootdorp,3572,22,4321,3594,435,1577,1109,171,41,19,18,61,34,27,10,27,14,13,11,5,0,0,0,0
10608,120,Norg,3984,12,4532,3996,1334,634,1504,193,55,4,26,90,50,13,28,15,3,15,17,3,0,0,0,0
10761,820,Nuenen c.a.,10109,28,11703,10137,1860,4176,2707,685,155,8,53,281,23,17,23,30,21,26,25,14,5,0,0,0
10118,821,Nuland,2269,17,2739,2286,341,1406,310,74,29,0,8,25,1,5,2,1,59,2,5,1,0,0,0,0
11346,578,Numansdorp,4743,16,5453,4759,1970,876,1160,185,38,267,24,32,84,31,10,31,9,18,7,1,0,0,0,0
10512,302,Nunspeet,13850,35,15428,13885,1630,4219,2993,358,71,2474,26,117,1574,28,70,131,24,39,79,15,2,0,0,0
10104,951,Nuth,10169,88,12384,10257,2464,4670,1659,476,187,3,61,399,10,16,4,11,38,25,35,66,45,0,0,0
11338,429,Obdam,3311,19,3782,3330,559,1467,889,135,63,0,41,76,9,23,4,7,7,14,7,10,0,0,0,0
11320,122,Odoorn,8056,39,9119,8095,3945,1363,1798,256,81,5,151,79,161,16,89,67,6,10,23,6,0,0,0,0
10360,822,Oeffelt,1332,5,1532,1337,232,728,223,68,25,0,3,28,0,2,4,0,9,1,7,2,0,0,0,0
10287,579,Oegstgeest,9728,95,11281,9823,1687,2653,3828,638,174,45,77,247,99,35,96,83,16,39,6,5,0,0,0,0
10420,953,Ohe en Laak,540,5,644,545,60,330,105,19,13,0,0,8,0,0,0,0,0,3,1,1,0,0,0,0
10225,823,Oirschot,6294,39,7649,6333,1049,3433,1145,310,118,0,15,102,7,19,0,11,20,8,34,19,4,0,0,0
10103,824,Oisterwijk,9856,31,11717,9887,2512,3616,2600,482,155,9,99,152,34,33,5,20,52,36,25,19,7,0,0,0
11106,269,Oldebroek,11506,55,13507,11561,2337,3193,1391,294,60,1922,33,64,1895,18,148,87,11,14,33,1,5,0,0,0
10298,35,Oldehove,1512,8,1664,1520,325,502,273,42,23,2,19,22,56,0,218,18,6,1,5,0,0,0,0,0
11332,36,Oldekerk,1444,1,1599,1445,303,655,303,45,14,5,3,3,33,2,53,14,3,2,6,0,0,0,0,0
11100,173,Oldenzaal,16967,52,19440,17019,4052,7871,3284,782,246,7,131,195,30,47,46,39,91,35,72,39,0,0,0,0
10409,174,Olst,5729,23,6427,5752,2039,1815,1380,210,58,24,29,60,29,9,3,29,10,5,22,7,0,0,0,0
11069,175,Ommen,11036,35,11942,11071,1604,5515,1922,321,84,66,18,87,246,24,924,147,9,18,46,5,0,0,0,0
10492,881,Onderbanken,4727,53,5932,4780,1312,2136,614,221,91,1,56,94,5,6,12,10,27,10,24,59,49,0,0,0
10220,825,Oost- West- en Middelbeers,2585,13,3097,2598,277,1603,460,111,48,0,8,49,1,2,0,1,8,5,9,1,2,0,0,0
10782,692,Oostburg,11278,63,13662,11341,3835,3084,3204,359,144,141,64,122,105,29,43,56,28,32,23,9,0,0,0,0
11102,84,Oostdongeradeel,3955,12,4402,3967,474,2659,467,49,30,18,3,21,121,5,40,56,0,4,4,4,0,0,0,0
11282,33,Oosterbroek,3225,22,3790,3247,1800,363,593,97,97,3,114,28,15,3,72,12,8,12,8,0,0,0,0,0
10490,123,Oosterhesselen,3115,13,3386,3128,1205,798,718,89,33,17,44,18,83,3,82,15,0,3,6,1,0,0,0,0
11280,826,Oosterhout,24701,117,31275,24818,7624,7678,6185,1312,483,12,172,462,39,155,19,70,156,124,135,59,16,0,0,0
10714,580,Oostflakkee,5856,12,6758,5868,2092,1616,948,178,45,643,20,38,178,25,16,14,12,10,5,16,0,0,0,0
10836,85,Ooststellingwerf,15006,62,17188,15068,6523,3505,2809,524,349,54,248,211,224,19,252,143,51,42,44,8,0,0,0,0
11303,431,Oostzaan,4288,17,5019,4305,1593,504,1194,203,141,31,376,87,59,41,2,16,15,16,9,1,0,0,0,0
11079,176,Ootmarsum,2852,4,2912,2856,365,1669,604,103,28,5,6,21,9,5,2,6,4,6,9,10,0,0,0,0
11415,827,Oploo c.a.,4386,11,4981,4397,473,2803,605,146,174,0,15,106,1,14,1,8,15,6,15,4,0,0,0,0
10609,432,Opmeer,5795,26,6711,5821,1144,2372,1563,306,125,2,54,81,23,28,4,18,14,15,11,35,0,0,0,0
10005,86,Opsterland,16309,67,18506,16376,7207,3514,2808,490,351,38,377,221,347,24,664,149,32,45,31,11,0,0,0,0
10834,828,Oss,25722,112,33541,25834,7127,8464,5414,1295,607,7,165,416,32,178,17,42,1733,64,105,43,13,0,0,0
10929,829,Ossendrecht,2666,17,3515,2683,742,986,708,106,31,0,13,23,5,12,2,1,8,5,11,13,0,0,0,0
10097,582,Ottoland,578,2,612,580,61,255,102,6,7,82,2,3,41,1,5,11,2,0,0,0,0,0,0,0
11363,831,Oud en Nieuw Gastel,4265,34,5681,4299,1110,1746,1075,129,63,0,32,39,5,19,1,6,10,9,16,5,0,0,0,0
10826,583,Oud-Alblas,1192,4,1341,1196,200,367,246,41,12,241,0,10,58,1,4,6,3,0,2,1,0,0,0,0
11301,584,Oud-Beijerland,9843,31,11605,9874,2756,1982,2611,421,147,1103,45,117,289,80,33,179,29,30,18,3,0,0,0,0
10848,38,Oude Pekela,5263,28,6086,5291,2938,594,435,75,45,13,984,30,51,6,6,46,11,11,13,5,0,0,0,0
10397,830,Oudenbosch,6443,35,8312,6478,1837,2382,1522,284,118,6,51,75,6,53,2,14,17,17,20,32,7,0,0,0
10998,437,Ouder-Amstel,7164,41,8558,7205,1599,2054,2430,351,166,68,121,121,41,61,12,57,13,35,20,13,0,0,0,2
10095,587,Ouderkerk aan den IJssel,3272,27,3825,3299,766,620,831,119,28,659,19,12,161,17,13,10,3,7,7,0,0,0,0,0
10188,589,Oudewater,4206,16,4817,4222,748,1775,1044,181,40,141,12,59,101,28,7,46,5,9,6,4,0,0,0,0
10518,272,Pannerden,1266,8,1581,1274,296,609,217,58,22,1,3,36,5,0,0,5,6,1,4,3,0,0,0,0
10427,590,Papendrecht,14420,43,17730,14463,4704,2919,3801,702,233,702,149,151,553,124,81,137,54,70,34,6,0,0,0,0
10501,124,Peize,2946,12,3458,2958,1367,287,879,185,39,6,41,64,13,7,1,15,2,13,26,1,0,0,0,0
10179,591,Piershil,847,2,993,849,292,120,225,29,13,119,7,10,12,4,1,7,0,2,6,0,0,0,0,0
10031,594,Pijnacker,9768,64,11147,9832,1530,3745,2920,544,150,275,54,121,89,62,76,119,21,42,18,2,0,0,0,0
10993,338,Polsbroek,696,5,770,701,57,302,185,7,6,106,0,4,21,2,0,2,0,2,2,0,0,0,0,0
11395,592,Poortugaal,13460,62,16867,13522,6554,1946,2469,583,278,272,302,187,150,344,68,88,79,78,49,13,0,0,0,0
10456,956,Posterholt,2277,17,2954,2294,623,1008,392,127,33,2,13,41,1,3,0,3,4,3,10,6,8,0,0,0
11354,832,Prinsenbeek,5816,38,6952,5854,1072,2371,1795,315,52,4,21,55,16,40,4,5,8,23,24,8,3,0,0,0
11066,439,Purmerend,22233,93,27834,22326,8079,3362,6436,1167,743,24,1071,433,104,300,20,188,82,157,47,20,0,0,0,0
10099,833,Putte,1678,26,2335,1704,409,537,538,83,21,0,14,10,7,14,0,5,14,18,4,1,3,0,0,0
11109,273,Putten,11888,41,13294,11929,1743,4619,2502,279,50,1390,69,80,834,31,86,126,8,16,50,1,4,0,0,0
10222,593,Puttershoek,3460,16,4032,3476,1295,711,808,168,38,249,29,16,60,17,8,27,9,22,1,2,0,0,0,0
10279,177,Raalte,15186,56,17202,15242,2251,9250,2409,577,204,4,34,173,51,29,18,46,26,32,60,22,0,0,0,0
11391,834,Raamsdonk,6858,34,8636,6892,2126,2397,1528,300,81,59,45,101,27,25,8,19,35,43,40,19,5,0,0,0
10330,87,Rauwerderhem,1803,7,2008,1810,687,417,443,117,36,4,13,43,17,0,2,6,4,7,6,1,0,0,0,0
10805,835,Ravenstein,4590,19,5336,4609,1171,2313,669,168,86,1,18,44,7,8,3,3,68,8,14,9,0,0,0,0
10485,595,Reeuwijk,5356,58,6266,5414,991,1551,1834,290,82,213,37,64,120,44,27,53,11,15,9,15,0,0,0,0
10077,703,Reimerswaal,11151,37,13324,11188,2399,2653,2288,413,80,2688,47,67,320,35,46,60,21,27,6,1,0,0,0,0
11325,274,Renkum,22009,70,25824,22079,5759,6592,6546,922,314,229,175,469,297,65,92,259,151,69,40,24,6,0,0,0
10269,339,Renswoude,1901,0,1961,1901,249,800,457,75,10,159,2,29,83,2,11,9,1,7,7,0,0,0,0,0
10162,836,Reusel,3899,14,5004,3913,554,2305,677,185,57,1,10,59,1,3,0,7,15,5,9,10,1,0,0,0
11355,275,Rheden,31268,106,36453,31374,11313,8278,7703,1385,543,86,204,545,334,114,152,302,118,94,62,28,7,0,0,0
10309,340,Rhenen,10336,28,12129,10364,3067,2367,2520,361,109,1269,42,60,310,42,38,82,29,14,21,5,0,0,0,0
10903,596,Rhoon,4603,14,5281,4617,941,1453,1615,191,56,71,17,39,52,53,13,46,15,22,10,9,0,0,0,0
10646,597,Ridderkerk,27576,95,33357,27671,10026,5610,5528,1114,348,2567,274,234,776,349,283,198,112,87,53,17,0,0,0,0
10455,837,Riethoven,1328,4,1498,1332,108,751,358,50,19,0,4,16,0,1,1,0,2,10,4,3,1,0,0,0
11129,601,Rijnsaterwoude,762,11,849,773,132,235,243,37,15,45,3,15,23,2,1,3,4,1,2,1,0,0,0,0
11118,602,Rijnsburg,6795,91,7786,6886,636,3547,1353,161,39,162,21,45,360,26,304,96,19,9,11,6,0,0,0,0
10866,841,Rijsbergen,2951,18,3844,2969,492,1470,749,108,32,3,7,24,17,5,1,2,7,3,19,7,5,0,0,0
10358,178,Rijssen,12870,43,14224,12913,1950,3215,1166,229,38,4695,24,38,1229,53,60,70,21,20,52,10,0,0,0,0
11133,603,Rijswijk,32116,146,39237,32262,7982,7998,11310,1689,621,242,325,476,276,430,133,146,114,276,37,61,0,0,0,0
10699,125,Roden,10408,36,11838,10444,4165,1986,2605,574,157,13,145,171,161,14,156,152,24,40,40,5,0,0,0,0
11313,957,Roermond,18431,126,26940,18557,4914,6497,4624,814,591,9,141,380,41,70,10,18,84,65,57,59,57,0,0,0
10505,958,Roggel,2426,14,3019,2440,342,1403,440,72,64,3,17,47,0,1,0,1,7,5,11,7,6,0,0,0
10470,126,Rolde,3805,9,4286,3814,1424,413,1542,180,70,4,19,71,16,5,16,17,9,12,6,1,0,0,0,0
10407,838,Roosendaal en Nispen,29734,164,40144,29898,7583,11233,7840,1173,405,26,177,387,96,257,12,99,151,102,128,54,11,0,0,0
10970,839,Rosmalen,12996,81,16475,13077,2934,4947,3502,646,298,7,61,220,22,37,21,35,149,36,51,23,7,0,0,0
10860,276,Rossum,1828,5,2079,1833,602,631,426,60,28,13,10,20,3,1,3,9,11,6,3,2,0,0,0,0
10345,599,Rotterdam,303170,1504,414481,304674,150768,46037,51065,9069,7098,4625,8144,3534,3034,11981,1707,1754,1790,1540,679,345,0,0,0,0
11314,600,Rozenburg,7158,36,9302,7194,2588,1515,1772,359,97,72,105,91,94,108,133,81,80,41,17,5,0,0,0,0
10684,277,Rozendaal,987,1,1054,988,135,253,450,74,10,4,3,20,10,1,1,19,0,6,0,1,0,0,0,0
11152,840,Rucphen,10425,59,14912,10484,4039,3812,1873,331,67,5,33,56,10,42,5,13,30,29,49,26,5,0,0,0
10629,127,Ruinen,4478,10,4905,4488,1548,894,1630,160,36,10,23,30,40,14,21,20,7,8,35,2,0,0,0,0
10944,128,Ruinerwold,2220,4,2489,2224,604,605,780,114,12,1,2,21,28,3,30,9,3,3,5,0,0,0,0,0
10879,278,Ruurlo,4401,19,5207,4420,1213,1321,1524,179,46,0,8,39,20,3,3,6,9,8,16,6,0,0,0,0
10469,787,'s Gravenmoer,1221,3,1395,1224,199,517,296,40,8,25,6,12,63,1,20,17,5,2,8,1,1,0,0,0
11405,704,Sas van Gent,4534,33,6121,4567,1473,1435,1074,221,56,29,51,59,21,18,17,3,31,12,27,7,0,0,0,0
10612,604,Sassenheim,7925,41,9093,7966,1221,3280,2451,322,137,54,57,137,65,25,13,92,27,19,14,11,0,0,0,0
10511,441,Schagen,9269,42,11135,9311,2768,1836,3233,526,255,13,161,172,60,38,17,73,21,61,27,8,0,0,0,0
10276,843,Schaijk,4219,21,4996,4240,704,2261,809,201,73,3,9,50,2,6,4,6,58,8,14,9,2,0,0,0
10711,39,Scheemda,4965,25,5611,4990,2459,963,656,121,50,9,367,36,125,12,45,90,15,8,5,4,0,0,0,0
11399,605,Schelluinen,694,2,758,696,203,124,226,43,3,41,5,3,35,2,1,3,1,2,2,0,0,0,0,0
10308,458,Schermer,2520,9,2916,2529,683,707,791,105,85,15,51,30,5,14,1,5,4,12,7,5,0,0,0,0
11146,279,Scherpenzeel,4610,14,5136,4624,905,1468,1148,134,22,481,9,30,300,12,13,53,10,8,16,1,0,0,0,0
11260,606,Schiedam,41817,178,53825,41995,19188,8508,7534,1333,982,402,1062,585,542,879,86,188,258,134,94,42,0,0,0,0
10355,88,Schiermonnikoog,908,2,667,910,267,205,259,37,31,7,3,24,5,2,12,44,3,9,0,0,0,0,0,0
11178,844,Schijndel,10601,49,13822,10650,2649,4563,2012,419,206,4,41,162,3,21,1,11,406,20,60,20,3,0,0,0
10132,962,Schinnen,7934,46,9611,7980,1852,3723,1417,378,153,3,54,174,13,8,5,9,37,24,20,37,27,0,0,0
10130,607,Schipluiden,4765,9,5272,4774,430,2533,1293,181,48,52,28,67,31,18,15,25,8,19,6,11,0,0,0,0
10064,129,Schoonebeek,4564,11,5366,4575,1421,2198,529,136,46,1,31,46,35,5,21,36,10,8,30,11,0,0,0,0
10980,608,Schoonhoven,6135,52,7278,6187,1649,1689,1526,291,200,316,45,84,134,72,13,52,17,30,14,3,0,0,0,0
10214,609,Schoonrewoerd,893,2,975,895,110,320,161,25,4,185,1,2,48,2,5,21,0,1,7,1,0,0,0,0
10627,444,Schoorl,4185,27,4694,4212,1099,1038,1387,238,131,0,63,118,14,50,7,10,3,18,3,6,0,0,0,0
10045,964,Sevenum,3871,9,4647,3880,417,2481,648,143,62,1,12,47,3,2,1,3,28,5,1,17,0,0,0,0
10534,390,'s-Graveland,5529,27,6573,5556,1241,1660,1757,288,132,56,46,105,72,27,23,44,28,29,14,6,0,0,0,1
10052,517,'s-Gravendeel,4895,23,5699,4918,1808,1303,995,177,39,311,21,28,110,25,25,25,7,15,5,1,0,0,0,0
11434,518,'s-Gravenhage,247472,916,340587,248388,84754,51455,68967,10087,6126,2721,4662,3890,2416,5566,825,1326,1264,1946,453,353,0,661,0,0
10640,519,'s-Gravenzande,10173,29,11797,10202,1932,3693,3146,301,52,422,29,55,252,64,29,116,30,28,17,7,0,0,0,0
10054,796,'s-Hertogenbosch,46500,269,64258,46769,16027,14186,9078,2043,1629,29,855,922,85,434,107,149,493,188,164,86,25,0,0,0
10515,965,Simpelveld,7105,60,8579,7165,2002,3120,1090,336,137,10,76,108,14,15,15,13,29,16,19,52,53,0,0,0
10740,445,Sint Maarten,1255,11,1435,1266,364,358,322,89,47,0,14,26,9,5,0,10,2,5,3,1,0,0,0,0
10496,845,Sint Michielsgestel,6869,44,8235,6913,1814,2818,1414,353,128,6,44,100,14,16,7,17,75,17,24,20,2,0,0,0
10278,967,Sint Odilienberg,1945,14,2459,1959,349,945,441,113,33,0,6,27,0,3,1,1,4,2,8,8,4,0,0,0
10513,446,Sint Pancras,2928,10,3367,2938,715,853,849,158,67,10,42,76,51,26,14,28,13,10,12,4,0,0,0,0
10394,712,Sint Philipsland,1495,3,1638,1498,306,263,179,41,4,628,5,5,40,4,1,4,8,0,7,0,0,0,0,0
10399,846,Sint-Oedenrode,9462,38,11113,9500,1789,4828,1830,472,162,3,49,157,12,15,1,13,49,17,45,12,8,0,0,0
11230,968,Sittard,22546,169,31716,22715,6213,9002,4194,1024,584,14,218,811,47,36,6,26,80,49,28,72,142,0,0,0
10489,130,Sleen,5758,33,6200,5791,2805,1085,1259,175,45,7,145,46,116,11,4,33,9,9,8,1,0,0,0,0
11331,610,Sliedrecht,13610,22,16309,13632,4757,2304,2403,550,211,2010,115,230,491,105,181,115,47,44,38,9,0,0,0,0
10747,40,Slochteren,8505,47,10135,8552,3370,1467,1765,297,199,16,209,75,159,19,769,79,30,11,36,4,0,0,0,0
10867,89,Sloten (F.),452,0,445,452,92,200,86,17,7,1,1,4,25,3,9,3,0,3,0,1,0,0,0,0
10895,713,Sluis,1794,5,2132,1799,515,554,595,71,7,4,6,10,16,4,2,3,2,3,2,0,0,0,0,0
10405,90,Smallingerland,30206,100,34342,30306,12012,8757,4283,950,416,115,571,381,901,46,953,624,65,79,42,11,0,0,0,0
11033,131,Smilde,5282,14,5989,5296,1900,1793,935,177,48,4,31,57,99,12,112,73,15,7,17,2,0,0,0,0
11421,91,Sneek,16869,57,20301,16926,6165,5337,3119,621,253,34,289,275,293,23,76,225,52,61,33,13,0,0,0,0
10802,341,Snelrewaard,503,1,562,504,27,265,132,15,10,30,0,3,12,3,0,4,0,2,0,0,0,0,0,0
11021,342,Soest,23929,102,29003,24031,4554,6997,8939,1030,391,250,151,354,462,142,164,227,55,143,44,26,0,0,0,0
10203,847,Someren,9150,42,11357,9192,1111,5496,1781,334,142,2,26,122,5,22,1,2,28,17,45,10,6,0,0,0
10549,848,Son en Breugel,8304,28,9893,8332,1232,3250,2807,508,137,2,34,164,46,11,16,25,15,30,21,4,2,0,0,0
10735,612,Spijkenisse,25904,87,33770,25991,10923,3489,6653,1391,591,306,441,366,238,690,98,135,353,153,54,23,0,0,0,0
11233,849,Sprang-Capelle,4832,31,5894,4863,847,1744,1079,136,52,571,34,33,220,14,16,20,14,9,41,2,0,0,0,0
10913,179,Stad Delden,4666,29,5131,4695,882,2101,1179,226,64,4,19,74,15,14,10,17,17,15,20,9,0,0,0,0
10610,37,Stadskanaal,20670,82,24692,20752,8398,6264,2357,533,220,42,469,206,1152,19,569,261,75,39,42,24,0,0,0,0
11212,850,Standdaarbuiten,1629,8,1914,1637,387,697,411,71,11,0,5,7,4,8,0,7,2,3,8,5,3,0,0,0
11362,180,Staphorst,7594,53,8227,7647,770,1664,1073,171,22,2496,9,35,582,14,639,40,11,9,58,1,0,0,0,0
10240,92,Stavoren,605,4,660,609,149,245,109,28,12,0,2,8,31,0,0,19,1,0,1,0,0,0,0,0
11337,532,Stede Broec,9888,39,12125,9927,2483,3225,2634,469,289,8,246,219,58,82,8,30,42,37,28,30,0,0,0,0
10771,41,Stedum,1260,5,1380,1265,370,495,147,27,39,2,21,27,30,0,59,32,1,8,1,1,0,0,0,0
10731,851,Steenbergen,7824,44,9993,7868,2539,2536,2092,260,105,14,52,56,14,47,3,12,26,17,26,20,5,0,0,0
10497,280,Steenderen,2942,9,3225,2951,578,1561,570,106,22,11,4,31,20,4,0,13,7,3,10,2,0,0,0,0
10546,181,Steenwijk,13150,59,15323,13209,5024,3874,2539,498,149,45,92,238,291,29,168,92,22,50,33,6,0,0,0,0
11319,971,Stein,14168,154,18929,14322,3904,5941,2583,832,306,4,106,222,16,34,4,8,49,36,21,34,68,0,0,0
11203,972,Stevensweert,967,11,1182,978,178,548,153,44,14,0,2,12,0,1,2,0,0,4,6,3,0,0,0,0
11250,615,Stolwijk,2762,26,3126,2788,746,483,786,132,31,410,14,18,81,28,3,11,1,13,5,0,0,0,0,0
11186,973,Stramproy,2574,15,3245,2589,432,1369,474,151,59,3,6,40,2,6,1,1,12,5,6,2,5,0,0,0
11105,616,Streefkerk,1486,9,1623,1495,389,359,302,49,8,288,6,5,44,8,7,3,6,7,3,2,0,0,0,0
10558,617,Strijen,5047,23,5747,5070,1833,955,1447,164,73,260,37,41,143,28,17,25,2,10,9,3,0,0,0,0
10457,974,Susteren,7222,74,9245,7296,1722,3411,1163,407,131,1,43,166,7,8,2,26,25,6,32,34,38,0,0,0
10474,975,Swalmen,4328,43,6174,4371,1173,1781,895,226,86,0,30,54,1,6,1,2,19,6,20,15,13,0,0,0
10956,54,'t Zandt,1566,4,1753,1570,643,393,262,56,50,2,16,30,21,2,21,62,3,2,3,0,0,0,0,0
11333,976,Tegelen,8968,61,12318,9029,2456,4009,1604,408,205,5,45,99,3,24,1,5,28,16,25,28,7,0,0,0
10891,9,Ten Boer,4047,16,4590,4063,1226,1161,683,137,58,13,87,53,142,7,394,68,4,7,5,2,0,0,0,0
11104,480,Ter Aar,4847,61,5682,4908,591,2235,1434,165,52,100,15,66,58,24,15,34,13,15,15,15,0,0,0,0
10905,853,Terheijden,4841,15,5759,4856,1343,1779,1084,321,101,3,31,66,2,23,0,9,14,18,29,10,8,0,0,0
11023,42,Termunten,2822,22,3370,2844,1197,583,379,75,57,7,312,29,86,5,11,45,15,9,6,6,0,0,0,0
10704,715,Terneuzen,18597,74,24744,18671,5525,4675,4345,904,268,1013,130,203,424,131,599,154,82,68,51,25,0,0,0,0
11210,93,Terschelling,3818,12,3413,3830,1302,833,1220,152,68,3,33,63,40,15,18,38,7,20,4,2,0,0,0,0
10677,854,Teteringen,3363,10,3834,3373,534,1409,1068,154,60,3,21,51,5,7,0,8,10,10,12,8,3,0,0,0
10237,448,Texel,8633,40,8927,8673,2348,2506,2481,440,268,43,75,151,137,12,18,83,20,32,15,4,0,0,0,0
10376,716,Tholen,11159,44,13435,11203,2939,2007,2249,294,110,2789,32,55,461,51,35,46,41,29,18,3,0,0,0,0
11195,977,Thorn,1686,17,1986,1703,378,880,231,102,27,2,4,35,1,1,0,1,4,3,8,2,7,0,0,0
10027,281,Tiel,16021,26,20306,16047,6669,3522,3722,800,256,122,96,320,122,84,78,90,60,45,24,4,7,0,0,0
10706,618,Tienhoven (ZH.),328,2,343,330,52,139,59,2,4,27,2,7,28,1,3,2,0,0,2,0,0,0,0,0
11241,94,Tietjerksteradeel,17851,46,20257,17897,5424,6730,3128,610,189,152,107,146,656,23,248,320,24,56,30,8,0,0,0,0
10792,855,Tilburg,79246,402,112776,79648,23763,25249,16229,3740,3860,58,1417,1843,134,538,67,189,1185,349,317,226,82,0,0,0
10694,183,Tubbergen,11271,36,12103,11307,931,8348,1386,271,56,9,10,97,18,7,9,23,21,11,46,28,0,0,0,0
10408,282,Ubbergen,6032,20,7093,6052,1387,2688,1188,252,172,2,60,179,7,9,4,17,26,11,12,11,7,0,0,0
11141,856,Uden,17898,48,22358,17946,3580,7555,4640,748,343,12,79,218,37,37,10,29,491,43,44,28,4,0,0,0
11268,857,Udenhout,4393,12,5606,4405,706,2422,889,161,71,2,17,64,2,13,0,6,6,11,13,8,2,0,0,0
11238,450,Uitgeest,5777,18,6722,5795,1410,1586,1692,342,184,5,262,150,12,26,12,27,23,22,9,15,0,0,0,0
11206,451,Uithoorn,13007,70,15561,13077,2842,3706,4612,620,274,24,141,364,108,78,22,87,26,71,24,6,0,0,0,2
10180,45,Ulrum,2328,5,2639,2333,571,877,359,59,23,12,23,16,117,2,240,17,1,4,4,3,0,0,0,0
10783,184,Urk,5562,13,6121,5575,43,2016,274,16,4,1800,7,6,1133,5,231,21,1,1,4,0,0,0,0,0
11035,46,Usquert,1099,2,1204,1101,677,101,188,23,20,0,32,18,7,2,21,4,3,2,1,0,0,0,0,0
10140,95,Utingeradeel,3605,4,3905,3609,1636,726,800,128,67,48,43,45,40,4,4,37,2,13,8,4,0,0,0,0
10722,344,Utrecht,130840,600,172500,131440,48378,27746,26237,5541,6705,912,4230,3394,1107,2435,695,1009,1394,518,305,234,0,0,0,0
10007,981,Vaals,4809,61,6546,4870,1538,1775,946,206,93,4,55,55,11,11,16,8,11,15,4,35,26,0,0,0
11071,283,Valburg,6801,12,7962,6813,1387,2727,1492,252,127,429,25,140,97,11,16,46,12,11,24,3,2,0,0,0
10028,619,Valkenburg,1658,16,2018,1674,258,652,411,33,8,65,8,24,67,11,83,22,7,4,5,0,0,0,0,0
11077,994,Valkenburg a/d Geul,10803,74,13022,10877,2210,4942,2416,487,261,6,57,142,38,36,5,28,25,32,21,44,53,0,0,0
10779,720,Valkenisse,3998,8,4322,4006,642,1415,1191,192,32,231,10,71,64,18,38,63,7,13,5,6,0,0,0,0
11031,858,Valkenswaard,15192,44,19617,15236,3449,6409,3589,832,233,5,53,313,40,47,15,32,60,36,46,22,11,0,0,0
11292,47,Veendam,17062,87,20270,17149,8943,2732,3135,566,244,19,425,156,285,27,121,195,109,54,37,14,0,0,0,0
11052,345,Veenendaal,23293,10,27829,23303,4478,6972,5073,911,237,2110,94,344,2142,95,402,244,56,51,79,5,0,0,0,0
10369,717,Veere,3140,11,3350,3151,351,1307,694,146,17,243,17,68,86,6,125,54,4,18,2,2,0,0,0,0
10985,860,Veghel,13019,66,16585,13085,2423,6144,2973,590,312,4,71,185,32,53,7,17,93,34,56,18,7,0,0,0
10071,861,Veldhoven,18834,71,24465,18905,3804,7636,4738,1010,419,11,88,543,85,64,18,126,117,44,59,60,12,0,0,0
10620,453,Velsen,35633,257,44705,35890,11605,8545,9224,1623,1075,139,1001,700,473,319,188,220,181,202,81,43,0,0,0,14
10433,454,Venhuizen,4176,14,4814,4190,902,1392,1368,199,114,1,40,62,11,30,1,11,6,14,7,18,0,0,0,0
10477,983,Venlo,31488,172,44812,31660,6896,14158,6856,1429,623,6,280,578,41,83,23,35,175,85,54,127,39,0,0,0
11222,984,Venray,17250,92,22932,17342,3283,8911,3006,759,585,5,115,266,16,28,8,18,101,32,49,49,19,0,0,0
11414,862,Vessem c.a.,2753,1,3206,2754,239,1820,494,86,36,1,7,44,2,1,0,4,4,2,6,7,0,0,0,0
10887,620,Vianen,8028,30,9488,8058,2515,2080,2139,402,146,194,103,135,55,70,14,95,32,30,14,4,0,0,0,0
10066,863,Vierlingsbeek,4691,18,5436,4709,631,2810,776,207,121,5,20,60,2,4,1,4,15,8,10,14,3,0,0,0
11048,346,Vinkeveen en Waverveen,5074,17,6032,5091,603,1873,1868,208,65,138,44,67,110,33,12,15,6,14,13,5,0,0,0,0
10811,622,Vlaardingen,44942,136,56580,45078,17683,8150,9814,1911,840,1293,717,725,951,735,273,423,1081,192,110,44,0,0,0,0
11249,48,Vlagtwedde,10263,53,12319,10316,4469,3151,1586,266,96,5,186,73,192,18,46,83,23,24,31,14,0,0,0,0
11120,132,Vledder,2309,10,2556,2319,1041,416,582,111,37,6,24,36,11,4,7,18,1,10,4,1,0,0,0,0
10658,347,Vleuten-De Meern,10153,35,11427,10188,1508,3896,3469,403,156,101,59,201,71,50,80,62,16,28,17,36,0,0,0,0
10211,96,Vlieland,1087,1,714,1088,382,170,363,85,38,0,4,10,11,1,11,6,0,5,1,0,0,0,0,0
11293,864,Vlijmen,7943,40,9647,7983,1867,3460,1838,346,108,3,56,104,8,19,6,10,32,26,32,26,2,0,0,0
10270,718,Vlissingen,25526,118,33373,25644,9300,5536,6320,1097,441,694,316,422,396,252,124,258,176,122,57,15,0,0,0,0
11174,623,Vlist,406,4,448,410,46,160,83,8,3,59,5,2,30,0,1,1,0,2,4,2,0,0,0,0
10644,985,Vlodrop,1231,8,1599,1239,248,615,237,74,15,0,4,16,0,2,0,1,2,10,2,2,3,0,0,0
11341,986,Voerendaal,7683,11,9549,7694,1561,3615,1436,490,131,7,52,180,25,12,8,8,27,36,11,47,37,0,0,0
11103,624,Voorburg,27645,164,33044,27809,6085,7240,10331,1394,561,141,195,370,272,297,187,160,106,218,37,51,0,0,0,0
10017,625,Voorhout,4095,43,4638,4138,509,1820,1306,155,71,10,33,115,14,7,10,23,5,7,3,7,0,0,0,0
10537,626,Voorschoten,13462,109,15471,13571,2532,3850,5143,764,269,99,58,227,128,76,53,97,42,102,13,9,0,0,0,0
10912,285,Voorst,14120,46,16556,14166,3689,5195,3504,654,190,208,109,182,123,25,22,84,12,43,52,26,2,0,0,0
10957,286,Vorden,4825,8,5435,4833,1227,1786,1307,187,41,18,16,47,82,13,15,21,21,9,26,8,1,0,0,0
10630,133,Vries,6012,19,6918,6031,2267,719,2175,326,71,3,70,123,50,13,86,48,11,20,30,0,0,0,0,0
10643,186,Vriezenveen,10483,27,12034,10510,2821,4281,1212,307,52,432,17,72,1052,23,62,70,13,8,57,4,0,0,0,0
11224,865,Vught,13670,57,17076,13727,2940,5490,3566,688,266,9,113,246,19,45,24,36,82,62,49,29,6,0,0,0
11376,287,Vuren,1771,11,1996,1782,580,509,446,76,13,38,11,21,43,6,4,10,3,7,4,0,0,0,0,0
10959,866,Waalre,8726,32,10307,8758,1449,3507,2752,534,136,3,36,142,15,16,3,38,22,22,35,13,3,0,0,0
11359,867,Waalwijk,15513,68,19829,15581,3874,5820,3846,689,271,62,161,232,113,69,20,62,98,54,108,30,4,0,0,0
10081,627,Waddinxveen,12589,69,14692,12658,2942,3236,3335,608,143,1117,72,146,521,78,121,142,27,62,26,13,0,0,0,0
11010,289,Wageningen,20604,68,24374,20672,6594,4268,3976,1320,1215,438,433,1038,339,27,120,417,293,87,28,8,3,0,0,0
10042,290,Wamel,5867,26,6924,5893,1405,2696,1237,226,91,9,24,68,10,10,6,7,30,10,26,12,0,0,0,0
10265,868,Wanroij,2875,11,3219,2886,290,2000,391,80,38,1,6,31,1,0,0,4,11,2,4,16,0,0,0,0
10498,49,Warffum,1574,1,1738,1575,723,348,307,50,32,2,21,23,22,0,31,9,2,2,2,0,0,0,0,0
10221,456,Warmenhuizen,2434,12,2793,2446,427,969,710,92,81,0,30,66,12,14,5,7,4,10,5,2,0,0,0,0
10204,628,Warmond,3204,32,3852,3236,501,1292,927,184,60,26,35,84,19,11,7,21,16,7,5,9,0,0,0,0
10838,291,Warnsveld,5120,14,6214,5134,1481,1555,1411,235,81,13,29,121,56,13,19,46,14,21,16,7,2,0,0,0
10402,869,Waspik,2601,9,3108,2610,704,1148,478,97,36,17,4,34,22,10,5,2,15,2,20,2,5,0,0,0
10164,629,Wassenaar,16805,18,19277,16823,1990,5160,7924,887,169,77,58,145,94,77,28,41,19,88,16,32,0,0,0,0
11329,630,Wateringen,8143,1,9662,8144,1130,3637,2487,308,108,21,45,91,64,63,16,56,40,40,15,22,0,0,0,0
10893,188,Weerselo,5569,24,5990,5593,345,4175,742,123,43,2,11,40,8,11,1,13,7,5,33,10,0,0,0,0
11081,988,Weert,20314,152,27647,20466,5025,8330,4724,1031,358,12,95,225,47,90,10,21,92,89,83,55,27,0,0,0
10773,457,Weesp,10376,70,12874,10446,3252,2327,2936,543,326,57,182,254,107,156,53,73,25,51,20,8,0,0,0,6
11116,292,Wehl,3504,17,4441,3521,645,1875,633,182,32,0,19,54,3,11,0,0,11,9,19,8,3,0,0,0
10078,870,Werkendam,9894,30,11743,9924,2239,3454,1648,257,85,1271,41,84,519,43,71,111,16,28,24,0,3,0,0,0
11270,459,Wervershoof,4229,16,4950,4245,639,2159,957,153,102,0,41,77,20,23,0,5,21,5,16,11,0,0,0,0
10127,989,Wessem,1137,10,1614,1147,245,569,224,46,25,0,4,9,4,0,1,1,3,0,2,1,3,0,0,0
10129,97,Westdongeradeel,3733,11,4202,3744,876,1819,537,60,32,49,54,28,123,0,65,73,0,5,8,4,0,0,0,0
11095,134,Westerbork,4843,8,5257,4851,1889,1093,1286,197,61,54,23,54,69,10,27,48,8,4,18,2,0,0,0,0
11041,871,Westerhoven,1034,6,1164,1040,181,588,153,46,19,0,6,25,0,1,0,1,4,1,5,4,0,0,0,0
10354,558,Wester-Koggenland,7373,49,8466,7422,1388,2912,2164,329,194,9,106,119,21,30,2,17,16,25,13,28,0,0,0,0
10701,725,Westerschouwen,4189,9,3883,4198,1143,977,1436,175,30,160,15,40,98,19,23,39,10,15,7,2,0,0,0,0
11085,293,Westervoort,4828,15,5698,4843,1425,1619,1107,259,95,9,30,151,28,15,8,38,18,8,9,8,1,0,0,0
10931,726,Westkapelle,1865,6,1949,1871,559,493,432,47,16,225,4,11,46,3,4,20,1,2,2,0,0,0,0,0
10695,631,Westmaas,1322,7,1477,1329,289,379,438,75,22,49,4,16,13,13,7,8,4,3,2,0,0,0,0,0
11322,98,Weststellingwerf,15346,73,17803,15419,6717,3592,3258,580,202,18,259,224,224,26,38,65,30,61,43,9,0,0,0,0
10009,614,Westvoorne,8309,31,9617,8340,2545,1421,3343,430,80,62,90,66,69,72,13,36,27,34,18,3,0,0,0,0
10676,189,Wierden,13299,50,14630,13349,1793,7186,2130,376,59,479,37,118,887,19,35,108,16,13,28,15,0,0,0,0
11277,462,Wieringen,4973,27,5954,5000,1911,737,1609,210,94,3,217,50,43,24,19,5,18,14,13,6,0,0,0,0
10239,463,Wieringermeer,7106,37,8185,7143,1815,2380,1923,256,145,37,92,167,121,22,35,56,21,20,13,3,0,0,0,0
10723,296,Wijchen,14126,49,17066,14175,3581,6163,2653,686,311,2,87,278,29,30,2,16,152,36,63,27,10,0,0,0
10434,470,Wijdewormer,815,3,919,818,195,239,246,49,24,3,11,10,6,4,1,2,14,2,7,2,0,0,0,0
10888,190,Wijhe,4666,13,5112,4679,1363,1990,845,163,60,17,20,53,79,1,27,27,14,4,3,0,0,0,0,0
10760,352,Wijk bij Duurstede,7165,12,8404,7177,1896,1836,2324,379,171,44,67,194,91,30,18,48,24,16,19,8,0,0,0,0
10263,634,Wijngaarden,406,3,447,409,40,150,56,11,3,102,0,5,28,1,5,2,0,2,1,0,0,0,0,0
10827,872,Willemstad,2021,10,2299,2031,611,673,495,79,16,15,10,23,56,5,2,15,7,11,3,0,0,0,0,0
10758,349,Willeskop,601,0,650,601,71,304,121,18,4,58,1,10,9,1,0,0,3,0,1,0,0,0,0,0
10365,350,Wilnis,3124,11,3583,3135,335,1320,933,102,30,117,18,45,158,6,6,29,2,8,10,5,0,0,0,0
10453,52,Winschoten,13137,56,15550,13193,6828,1898,2190,329,232,16,974,103,240,11,99,132,21,43,12,9,0,0,0,0
11135,53,Winsum,3624,8,4008,3632,1163,1156,630,144,84,6,34,85,50,3,132,127,2,7,1,0,0,0,0,0
11119,294,Winterswijk,17055,85,20016,17140,6354,4225,4466,989,198,15,76,238,166,44,28,114,59,33,33,12,5,0,0,0
10318,295,Wisch,11281,52,13969,11333,2812,4542,2621,490,174,25,60,172,93,24,4,122,31,48,49,11,3,0,0,0
10243,727,Wissenkerke,2108,1,2396,2109,474,811,442,62,15,148,9,21,53,5,38,23,3,1,3,0,0,0,0,0
11371,990,Wittem,4958,38,5555,4996,1061,2587,745,228,91,3,34,85,4,4,3,9,10,12,10,40,32,0,0,0
10602,873,Woensdrecht,5322,23,6920,5345,1380,1599,1813,209,65,6,39,57,14,33,5,29,10,20,23,12,8,0,0,0
10974,632,Woerden,14216,104,16952,14320,2926,4877,3930,621,200,480,60,299,298,106,54,127,137,46,43,12,0,0,0,0
10818,466,Wognum,3905,26,4609,3931,585,1864,1030,170,70,2,30,63,11,18,1,12,12,8,17,12,0,0,0,0
10454,99,Wonseradeel,7225,38,8131,7263,2034,3029,1372,228,104,19,68,95,103,5,52,90,11,9,3,3,0,0,0,0
10768,100,Workum,2821,13,3132,2834,623,1286,506,93,24,8,11,42,122,3,12,76,3,6,1,5,0,0,0,0
10648,467,Wormer,6572,37,7716,6609,2141,1425,1357,338,325,17,452,223,141,32,12,59,17,18,11,4,0,0,0,0
10461,633,Woubrugge,2730,20,3201,2750,388,1053,849,142,52,44,23,52,38,7,4,44,15,2,9,8,0,0,0,0
11398,351,Woudenberg,5425,25,6101,5450,866,1700,1480,156,78,577,46,47,296,12,49,83,12,11,8,4,0,0,0,0
10282,874,Woudrichem,7743,24,8754,7767,1779,3198,1197,208,50,459,24,57,417,25,204,76,10,12,25,2,0,0,0,0
10808,875,Wouw,4592,24,5900,4616,1106,1850,1294,164,43,2,10,38,2,11,3,8,13,18,14,15,1,0,0,0
11427,101,Wymbritseradeel,7477,17,8240,7494,1222,3979,1460,251,66,22,27,100,126,6,36,141,6,18,14,3,0,0,0,0
11044,479,Zaanstad,73398,316,90717,73714,27671,12116,15418,3224,3146,271,6267,1656,914,993,254,520,319,358,148,123,0,0,0,0
10557,297,Zaltbommel,5235,23,6172,5258,2058,1167,1214,244,120,109,43,91,55,13,37,39,25,11,6,2,1,0,0,0
10910,473,Zandvoort,9969,73,12591,10042,2576,1701,4492,397,187,7,161,114,41,97,9,31,45,89,13,8,0,0,0,1
10759,877,Zeeland,3249,14,3785,3263,347,2178,441,110,63,0,10,33,0,9,0,3,34,6,8,5,2,0,0,0
11121,478,Zeevang,3295,23,3848,3318,1063,424,1293,213,122,3,53,50,8,23,3,8,11,12,8,1,0,0,0,0
10949,354,Zegveld,1161,3,1297,1164,92,495,253,36,5,121,1,6,128,4,3,6,1,3,7,0,0,0,0,0
10324,355,Zeist,36871,167,45642,37038,8783,9124,11691,1774,797,1215,335,710,806,191,482,510,136,189,83,45,0,0,0,0
11159,298,Zelhem,6502,29,7917,6531,1924,2345,1428,311,50,100,8,79,122,8,3,57,4,17,43,2,1,0,0,0
10938,299,Zevenaar,14698,60,18128,14758,3448,5551,3845,773,230,19,133,313,92,47,40,66,39,40,36,22,4,0,0,0
10046,878,Zevenbergen,8466,38,10619,8504,2253,3007,2134,413,113,14,51,115,42,58,106,35,50,25,29,18,3,0,0,0
11317,635,Zevenhoven,1361,10,1556,1371,169,651,363,45,18,31,3,7,42,6,2,7,1,4,8,4,0,0,0,0
11377,636,Zevenhuizen,3595,28,4113,3623,1023,844,1097,137,27,237,13,27,76,32,7,43,14,9,6,3,0,0,0,0
10843,732,Zierikzee,5908,16,6961,5924,2108,1463,1372,238,96,208,30,65,218,21,15,38,17,12,5,2,0,0,0,0
10004,476,Zijpe,5127,29,5977,5156,1512,1403,1585,238,126,7,84,72,13,26,2,7,15,16,12,9,0,0,0,0
10766,637,Zoetermeer,39958,228,50492,40186,12199,8019,12607,2352,671,826,382,593,714,438,179,283,356,247,49,43,0,0,0,0
11074,638,Zoeterwoude,4476,36,5503,4512,718,1880,1241,245,121,33,33,93,18,15,5,22,25,11,4,12,0,0,0,0
10917,639,Zuid-Bijerland,2147,6,2445,2153,677,586,482,62,24,204,7,21,14,22,7,17,9,6,9,0,0,0,0,0
10018,996,Zuidelijk IJsselmeerpolders,12751,37,15989,12788,5121,1391,3392,732,463,30,656,247,75,372,23,75,64,54,43,13,0,0,0,0
10021,56,Zuidhorn,4288,14,4744,4302,1070,1068,832,191,36,13,22,73,86,5,802,59,4,19,5,3,0,0,0,0
10002,136,Zuidlaren,6154,29,7175,6183,1934,1272,1917,267,71,11,47,103,91,5,271,109,15,20,18,3,0,0,0,0
10262,137,Zuidwolde,5636,22,6324,5658,1358,1931,1637,243,37,34,22,46,79,10,111,52,12,12,46,6,0,0,0,0
11192,879,Zundert,6771,72,9372,6843,1112,3398,1697,257,107,6,23,50,6,11,2,15,12,8,40,20,7,0,0,0
10254,301,Zutphen,18597,66,22458,18663,8251,3573,3835,923,432,44,355,450,171,63,119,179,78,71,23,27,3,0,0,0
10303,192,Zwartsluis,2714,20,3069,2734,653,1193,383,73,21,82,29,16,141,6,67,35,6,1,6,2,0,0,0,0
10872,138,Zweeloo,1888,4,2021,1892,628,418,660,71,28,0,9,12,23,2,10,24,2,1,0,0,0,0,0,0
10468,642,Zwijndrecht,22606,74,28014,22680,7010,5514,5715,927,322,853,182,252,580,288,475,203,126,89,53,17,0,0,0,0
10093,193,Zwolle,50398,120,62072,50518,16016,13503,10804,2744,1015,438,509,1005,1456,181,1403,624,274,222,145,59,0,0,0,0
